Record Length,2.500000e+03,,   0.004987500000,   1.30000,
Sample Interval,1.000000e-08,,   0.004987510000,   1.30000,
Trigger Point,-4.987500000000e+05,,   0.004987520000,   1.30000,
,,,   0.004987530000,   1.30000,
,,,   0.004987540000,   1.32000,
,,,   0.004987550000,   1.30000,
Source,CH1,,   0.004987560000,   1.30000,
Vertical Units,V,,   0.004987570000,   1.34000,
Vertical Scale,5.000000e-01,,   0.004987580000,   1.32000,
Vertical Offset,0.000000e+00,,   0.004987590000,   1.30000,
Horizontal Units,s,,   0.004987600000,   1.30000,
Horizontal Scale,2.500000e-06,,   0.004987610000,   1.32000,
Pt Fmt,Y,,   0.004987620000,   1.32000,
Yzero,0.000000e+00,,   0.004987630000,   1.32000,
Probe Atten,1.000000e+01,,   0.004987640000,   1.32000,
Model Number,TBS1052B,,   0.004987650000,   1.32000,
Serial Number,C044584,,   0.004987660000,   1.30000,
Firmware Version,FV:v4.06,,   0.004987670000,   1.32000,
,,,0.004987680000,   1.30000,
,,,0.004987690000,   1.30000,
,,,0.004987700000,   1.30000,
,,,0.004987710000,   1.30000,
,,,0.004987720000,   1.32000,
,,,0.004987730000,   1.28000,
,,,0.004987740000,   1.30000,
,,,0.004987750000,   1.32000,
,,,0.004987760000,   1.30000,
,,,0.004987770000,   1.30000,
,,,0.004987780000,   1.30000,
,,,0.004987790000,   1.30000,
,,,0.004987800000,   1.30000,
,,,0.004987810000,   1.32000,
,,,0.004987820000,   1.32000,
,,,0.004987830000,   1.32000,
,,,0.004987840000,   1.32000,
,,,0.004987850000,   1.32000,
,,,0.004987860000,   1.28000,
,,,0.004987870000,   1.30000,
,,,0.004987880000,   1.30000,
,,,0.004987890000,   1.28000,
,,,0.004987900000,   1.28000,
,,,0.004987910000,   1.30000,
,,,0.004987920000,   1.32000,
,,,0.004987930000,   1.30000,
,,,0.004987940000,   1.30000,
,,,0.004987950000,   1.30000,
,,,0.004987960000,   1.34000,
,,,0.004987970000,   1.30000,
,,,0.004987980000,   1.30000,
,,,0.004987990000,   1.32000,
,,,0.004988000000,   1.30000,
,,,0.004988010000,   1.30000,
,,,0.004988020000,   1.32000,
,,,0.004988030000,   1.32000,
,,,0.004988040000,   1.30000,
,,,0.004988050000,   1.32000,
,,,0.004988060000,   1.32000,
,,,0.004988070000,   1.28000,
,,,0.004988080000,   1.32000,
,,,0.004988090000,   1.30000,
,,,0.004988100000,   1.30000,
,,,0.004988110000,   1.32000,
,,,0.004988120000,   1.32000,
,,,0.004988130000,   1.32000,
,,,0.004988140000,   1.30000,
,,,0.004988150000,   1.32000,
,,,0.004988160000,   1.30000,
,,,0.004988170000,   1.30000,
,,,0.004988180000,   1.30000,
,,,0.004988190000,   1.30000,
,,,0.004988200000,   1.32000,
,,,0.004988210000,   1.28000,
,,,0.004988220000,   1.32000,
,,,0.004988230000,   1.32000,
,,,0.004988240000,   1.34000,
,,,0.004988250000,   1.30000,
,,,0.004988260000,   1.30000,
,,,0.004988270000,   1.32000,
,,,0.004988280000,   1.30000,
,,,0.004988290000,   1.30000,
,,,0.004988300000,   1.30000,
,,,0.004988310000,   1.32000,
,,,0.004988320000,   1.32000,
,,,0.004988330000,   1.34000,
,,,0.004988340000,   1.30000,
,,,0.004988350000,   1.30000,
,,,0.004988360000,   1.32000,
,,,0.004988370000,   1.30000,
,,,0.004988380000,   1.32000,
,,,0.004988390000,   1.30000,
,,,0.004988400000,   1.32000,
,,,0.004988410000,   1.30000,
,,,0.004988420000,   1.30000,
,,,0.004988430000,   1.32000,
,,,0.004988440000,   1.30000,
,,,0.004988450000,   1.30000,
,,,0.004988460000,   1.32000,
,,,0.004988470000,   1.32000,
,,,0.004988480000,   1.28000,
,,,0.004988490000,   1.28000,
,,,0.004988500000,   1.30000,
,,,0.004988510000,   1.30000,
,,,0.004988520000,   1.30000,
,,,0.004988530000,   1.32000,
,,,0.004988540000,   1.32000,
,,,0.004988550000,   1.30000,
,,,0.004988560000,   1.32000,
,,,0.004988570000,   1.32000,
,,,0.004988580000,   1.30000,
,,,0.004988590000,   1.32000,
,,,0.004988600000,   1.30000,
,,,0.004988610000,   1.32000,
,,,0.004988620000,   1.32000,
,,,0.004988630000,   1.30000,
,,,0.004988640000,   1.32000,
,,,0.004988650000,   1.28000,
,,,0.004988660000,   1.30000,
,,,0.004988670000,   1.32000,
,,,0.004988680000,   1.30000,
,,,0.004988690000,   1.28000,
,,,0.004988700000,   1.28000,
,,,0.004988710000,   1.32000,
,,,0.004988720000,   1.32000,
,,,0.004988730000,   1.30000,
,,,0.004988740000,   1.30000,
,,,0.004988750000,   1.30000,
,,,0.004988760000,   1.32000,
,,,0.004988770000,   1.32000,
,,,0.004988780000,   1.30000,
,,,0.004988790000,   1.28000,
,,,0.004988800000,   1.32000,
,,,0.004988810000,   1.30000,
,,,0.004988820000,   1.30000,
,,,0.004988830000,   1.30000,
,,,0.004988840000,   1.32000,
,,,0.004988850000,   1.30000,
,,,0.004988860000,   1.32000,
,,,0.004988870000,   1.32000,
,,,0.004988880000,   1.30000,
,,,0.004988890000,   1.34000,
,,,0.004988900000,   1.30000,
,,,0.004988910000,   1.30000,
,,,0.004988920000,   1.30000,
,,,0.004988930000,   1.32000,
,,,0.004988940000,   1.32000,
,,,0.004988950000,   1.30000,
,,,0.004988960000,   1.32000,
,,,0.004988970000,   1.28000,
,,,0.004988980000,   1.28000,
,,,0.004988990000,   1.32000,
,,,0.004989000000,   1.30000,
,,,0.004989010000,   1.30000,
,,,0.004989020000,   1.32000,
,,,0.004989030000,   1.26000,
,,,0.004989040000,   1.32000,
,,,0.004989050000,   1.32000,
,,,0.004989060000,   1.28000,
,,,0.004989070000,   1.34000,
,,,0.004989080000,   1.28000,
,,,0.004989090000,   1.30000,
,,,0.004989100000,   1.32000,
,,,0.004989110000,   1.32000,
,,,0.004989120000,   1.32000,
,,,0.004989130000,   1.30000,
,,,0.004989140000,   1.32000,
,,,0.004989150000,   1.30000,
,,,0.004989160000,   1.32000,
,,,0.004989170000,   1.32000,
,,,0.004989180000,   1.30000,
,,,0.004989190000,   1.32000,
,,,0.004989200000,   1.28000,
,,,0.004989210000,   1.28000,
,,,0.004989220000,   1.34000,
,,,0.004989230000,   1.32000,
,,,0.004989240000,   1.32000,
,,,0.004989250000,   1.30000,
,,,0.004989260000,   1.32000,
,,,0.004989270000,   1.34000,
,,,0.004989280000,   1.30000,
,,,0.004989290000,   1.32000,
,,,0.004989300000,   1.30000,
,,,0.004989310000,   1.32000,
,,,0.004989320000,   1.32000,
,,,0.004989330000,   1.30000,
,,,0.004989340000,   1.28000,
,,,0.004989350000,   1.32000,
,,,0.004989360000,   1.30000,
,,,0.004989370000,   1.32000,
,,,0.004989380000,   1.28000,
,,,0.004989390000,   1.32000,
,,,0.004989400000,   1.32000,
,,,0.004989410000,   1.30000,
,,,0.004989420000,   1.30000,
,,,0.004989430000,   1.30000,
,,,0.004989440000,   1.28000,
,,,0.004989450000,   1.30000,
,,,0.004989460000,   1.32000,
,,,0.004989470000,   1.30000,
,,,0.004989480000,   1.30000,
,,,0.004989490000,   1.30000,
,,,0.004989500000,   1.28000,
,,,0.004989510000,   1.32000,
,,,0.004989520000,   1.32000,
,,,0.004989530000,   1.32000,
,,,0.004989540000,   1.32000,
,,,0.004989550000,   1.32000,
,,,0.004989560000,   1.32000,
,,,0.004989570000,   1.30000,
,,,0.004989580000,   1.32000,
,,,0.004989590000,   1.28000,
,,,0.004989600000,   1.32000,
,,,0.004989610000,   1.32000,
,,,0.004989620000,   1.32000,
,,,0.004989630000,   1.30000,
,,,0.004989640000,   1.30000,
,,,0.004989650000,   1.30000,
,,,0.004989660000,   1.30000,
,,,0.004989670000,   1.32000,
,,,0.004989680000,   1.32000,
,,,0.004989690000,   1.30000,
,,,0.004989700000,   1.30000,
,,,0.004989710000,   1.32000,
,,,0.004989720000,   1.30000,
,,,0.004989730000,   1.30000,
,,,0.004989740000,   1.30000,
,,,0.004989750000,   1.30000,
,,,0.004989760000,   1.30000,
,,,0.004989770000,   1.28000,
,,,0.004989780000,   1.30000,
,,,0.004989790000,   1.30000,
,,,0.004989800000,   1.30000,
,,,0.004989810000,   1.34000,
,,,0.004989820000,   1.30000,
,,,0.004989830000,   1.32000,
,,,0.004989840000,   1.30000,
,,,0.004989850000,   1.34000,
,,,0.004989860000,   1.32000,
,,,0.004989870000,   1.30000,
,,,0.004989880000,   1.30000,
,,,0.004989890000,   1.30000,
,,,0.004989900000,   1.30000,
,,,0.004989910000,   1.28000,
,,,0.004989920000,   1.28000,
,,,0.004989930000,   1.32000,
,,,0.004989940000,   1.32000,
,,,0.004989950000,   1.30000,
,,,0.004989960000,   1.32000,
,,,0.004989970000,   1.30000,
,,,0.004989980000,   1.30000,
,,,0.004989990000,   1.32000,
,,,0.004990000000,   1.32000,
,,,0.004990010000,   1.32000,
,,,0.004990020000,   1.32000,
,,,0.004990030000,   1.30000,
,,,0.004990040000,   1.34000,
,,,0.004990050000,   1.30000,
,,,0.004990060000,   1.30000,
,,,0.004990070000,   1.30000,
,,,0.004990080000,   1.32000,
,,,0.004990090000,   1.30000,
,,,0.004990100000,   1.32000,
,,,0.004990110000,   1.30000,
,,,0.004990120000,   1.28000,
,,,0.004990130000,   1.30000,
,,,0.004990140000,   1.30000,
,,,0.004990150000,   1.32000,
,,,0.004990160000,   1.32000,
,,,0.004990170000,   1.34000,
,,,0.004990180000,   1.30000,
,,,0.004990190000,   1.30000,
,,,0.004990200000,   1.32000,
,,,0.004990210000,   1.32000,
,,,0.004990220000,   1.30000,
,,,0.004990230000,   1.28000,
,,,0.004990240000,   1.30000,
,,,0.004990250000,   1.28000,
,,,0.004990260000,   1.30000,
,,,0.004990270000,   1.30000,
,,,0.004990280000,   1.30000,
,,,0.004990290000,   1.30000,
,,,0.004990300000,   1.32000,
,,,0.004990310000,   1.32000,
,,,0.004990320000,   1.32000,
,,,0.004990330000,   1.30000,
,,,0.004990340000,   1.34000,
,,,0.004990350000,   1.32000,
,,,0.004990360000,   1.32000,
,,,0.004990370000,   1.30000,
,,,0.004990380000,   1.30000,
,,,0.004990390000,   1.34000,
,,,0.004990400000,   1.32000,
,,,0.004990410000,   1.34000,
,,,0.004990420000,   1.32000,
,,,0.004990430000,   1.30000,
,,,0.004990440000,   1.30000,
,,,0.004990450000,   1.30000,
,,,0.004990460000,   1.28000,
,,,0.004990470000,   1.30000,
,,,0.004990480000,   1.28000,
,,,0.004990490000,   1.30000,
,,,0.004990500000,   1.32000,
,,,0.004990510000,   1.30000,
,,,0.004990520000,   1.32000,
,,,0.004990530000,   1.30000,
,,,0.004990540000,   1.32000,
,,,0.004990550000,   1.34000,
,,,0.004990560000,   1.30000,
,,,0.004990570000,   1.30000,
,,,0.004990580000,   1.30000,
,,,0.004990590000,   1.34000,
,,,0.004990600000,   1.30000,
,,,0.004990610000,   1.32000,
,,,0.004990620000,   1.28000,
,,,0.004990630000,   1.30000,
,,,0.004990640000,   1.30000,
,,,0.004990650000,   1.30000,
,,,0.004990660000,   1.30000,
,,,0.004990670000,   1.30000,
,,,0.004990680000,   1.30000,
,,,0.004990690000,   1.30000,
,,,0.004990700000,   1.26000,
,,,0.004990710000,   1.30000,
,,,0.004990720000,   1.30000,
,,,0.004990730000,   1.28000,
,,,0.004990740000,   1.32000,
,,,0.004990750000,   1.28000,
,,,0.004990760000,   1.30000,
,,,0.004990770000,   1.32000,
,,,0.004990780000,   1.32000,
,,,0.004990790000,   1.34000,
,,,0.004990800000,   1.30000,
,,,0.004990810000,   1.30000,
,,,0.004990820000,   1.30000,
,,,0.004990830000,   1.32000,
,,,0.004990840000,   1.30000,
,,,0.004990850000,   1.30000,
,,,0.004990860000,   1.30000,
,,,0.004990870000,   1.32000,
,,,0.004990880000,   1.32000,
,,,0.004990890000,   1.32000,
,,,0.004990900000,   1.30000,
,,,0.004990910000,   1.30000,
,,,0.004990920000,   1.30000,
,,,0.004990930000,   1.32000,
,,,0.004990940000,   1.30000,
,,,0.004990950000,   1.30000,
,,,0.004990960000,   1.30000,
,,,0.004990970000,   1.30000,
,,,0.004990980000,   1.32000,
,,,0.004990990000,   1.30000,
,,,0.004991000000,   1.28000,
,,,0.004991010000,   1.28000,
,,,0.004991020000,   1.32000,
,,,0.004991030000,   1.30000,
,,,0.004991040000,   1.26000,
,,,0.004991050000,   1.30000,
,,,0.004991060000,   1.32000,
,,,0.004991070000,   1.28000,
,,,0.004991080000,   1.32000,
,,,0.004991090000,   1.30000,
,,,0.004991100000,   1.30000,
,,,0.004991110000,   1.30000,
,,,0.004991120000,   1.30000,
,,,0.004991130000,   1.32000,
,,,0.004991140000,   1.32000,
,,,0.004991150000,   1.30000,
,,,0.004991160000,   1.30000,
,,,0.004991170000,   1.32000,
,,,0.004991180000,   1.30000,
,,,0.004991190000,   1.30000,
,,,0.004991200000,   1.30000,
,,,0.004991210000,   1.32000,
,,,0.004991220000,   1.28000,
,,,0.004991230000,   1.30000,
,,,0.004991240000,   1.32000,
,,,0.004991250000,   1.30000,
,,,0.004991260000,   1.32000,
,,,0.004991270000,   1.28000,
,,,0.004991280000,   1.30000,
,,,0.004991290000,   1.30000,
,,,0.004991300000,   1.32000,
,,,0.004991310000,   1.32000,
,,,0.004991320000,   1.30000,
,,,0.004991330000,   1.32000,
,,,0.004991340000,   1.30000,
,,,0.004991350000,   1.32000,
,,,0.004991360000,   1.32000,
,,,0.004991370000,   1.30000,
,,,0.004991380000,   1.30000,
,,,0.004991390000,   1.30000,
,,,0.004991400000,   1.32000,
,,,0.004991410000,   1.30000,
,,,0.004991420000,   1.32000,
,,,0.004991430000,   1.32000,
,,,0.004991440000,   1.34000,
,,,0.004991450000,   1.30000,
,,,0.004991460000,   1.28000,
,,,0.004991470000,   1.28000,
,,,0.004991480000,   1.30000,
,,,0.004991490000,   1.32000,
,,,0.004991500000,   1.30000,
,,,0.004991510000,   1.30000,
,,,0.004991520000,   1.30000,
,,,0.004991530000,   1.30000,
,,,0.004991540000,   1.32000,
,,,0.004991550000,   1.30000,
,,,0.004991560000,   1.32000,
,,,0.004991570000,   1.28000,
,,,0.004991580000,   1.30000,
,,,0.004991590000,   1.32000,
,,,0.004991600000,   1.32000,
,,,0.004991610000,   1.30000,
,,,0.004991620000,   1.32000,
,,,0.004991630000,   1.30000,
,,,0.004991640000,   1.30000,
,,,0.004991650000,   1.30000,
,,,0.004991660000,   1.32000,
,,,0.004991670000,   1.28000,
,,,0.004991680000,   1.32000,
,,,0.004991690000,   1.30000,
,,,0.004991700000,   1.30000,
,,,0.004991710000,   1.32000,
,,,0.004991720000,   1.28000,
,,,0.004991730000,   1.32000,
,,,0.004991740000,   1.32000,
,,,0.004991750000,   1.30000,
,,,0.004991760000,   1.30000,
,,,0.004991770000,   1.32000,
,,,0.004991780000,   1.32000,
,,,0.004991790000,   1.32000,
,,,0.004991800000,   1.32000,
,,,0.004991810000,   1.28000,
,,,0.004991820000,   1.30000,
,,,0.004991830000,   1.32000,
,,,0.004991840000,   1.30000,
,,,0.004991850000,   1.30000,
,,,0.004991860000,   1.32000,
,,,0.004991870000,   1.32000,
,,,0.004991880000,   1.30000,
,,,0.004991890000,   1.28000,
,,,0.004991900000,   1.30000,
,,,0.004991910000,   1.30000,
,,,0.004991920000,   1.32000,
,,,0.004991930000,   1.30000,
,,,0.004991940000,   1.30000,
,,,0.004991950000,   1.30000,
,,,0.004991960000,   1.30000,
,,,0.004991970000,   1.32000,
,,,0.004991980000,   1.32000,
,,,0.004991990000,   1.30000,
,,,0.004992000000,   1.30000,
,,,0.004992010000,   1.32000,
,,,0.004992020000,   1.30000,
,,,0.004992030000,   1.30000,
,,,0.004992040000,   1.32000,
,,,0.004992050000,   1.32000,
,,,0.004992060000,   1.30000,
,,,0.004992070000,   1.30000,
,,,0.004992080000,   1.28000,
,,,0.004992090000,   1.32000,
,,,0.004992100000,   1.30000,
,,,0.004992110000,   1.30000,
,,,0.004992120000,   1.30000,
,,,0.004992130000,   1.32000,
,,,0.004992140000,   1.30000,
,,,0.004992150000,   1.32000,
,,,0.004992160000,   1.34000,
,,,0.004992170000,   1.30000,
,,,0.004992180000,   1.30000,
,,,0.004992190000,   1.32000,
,,,0.004992200000,   1.32000,
,,,0.004992210000,   1.32000,
,,,0.004992220000,   1.30000,
,,,0.004992230000,   1.32000,
,,,0.004992240000,   1.30000,
,,,0.004992250000,   1.32000,
,,,0.004992260000,   1.28000,
,,,0.004992270000,   1.32000,
,,,0.004992280000,   1.30000,
,,,0.004992290000,   1.32000,
,,,0.004992300000,   1.30000,
,,,0.004992310000,   1.28000,
,,,0.004992320000,   1.32000,
,,,0.004992330000,   1.32000,
,,,0.004992340000,   1.32000,
,,,0.004992350000,   1.32000,
,,,0.004992360000,   1.34000,
,,,0.004992370000,   1.34000,
,,,0.004992380000,   1.30000,
,,,0.004992390000,   1.30000,
,,,0.004992400000,   1.34000,
,,,0.004992410000,   1.30000,
,,,0.004992420000,   1.30000,
,,,0.004992430000,   1.32000,
,,,0.004992440000,   1.30000,
,,,0.004992450000,   1.28000,
,,,0.004992460000,   1.28000,
,,,0.004992470000,   1.30000,
,,,0.004992480000,   1.30000,
,,,0.004992490000,   1.32000,
,,,0.004992500000,   1.30000,
,,,0.004992510000,   1.30000,
,,,0.004992520000,   1.34000,
,,,0.004992530000,   1.32000,
,,,0.004992540000,   1.30000,
,,,0.004992550000,   1.30000,
,,,0.004992560000,   1.28000,
,,,0.004992570000,   1.30000,
,,,0.004992580000,   1.32000,
,,,0.004992590000,   1.32000,
,,,0.004992600000,   1.30000,
,,,0.004992610000,   1.30000,
,,,0.004992620000,   1.30000,
,,,0.004992630000,   1.30000,
,,,0.004992640000,   1.30000,
,,,0.004992650000,   1.30000,
,,,0.004992660000,   1.28000,
,,,0.004992670000,   1.32000,
,,,0.004992680000,   1.28000,
,,,0.004992690000,   1.30000,
,,,0.004992700000,   1.32000,
,,,0.004992710000,   1.32000,
,,,0.004992720000,   1.30000,
,,,0.004992730000,   1.30000,
,,,0.004992740000,   1.28000,
,,,0.004992750000,   1.30000,
,,,0.004992760000,   1.32000,
,,,0.004992770000,   1.32000,
,,,0.004992780000,   1.32000,
,,,0.004992790000,   1.30000,
,,,0.004992800000,   1.32000,
,,,0.004992810000,   1.30000,
,,,0.004992820000,   1.30000,
,,,0.004992830000,   1.30000,
,,,0.004992840000,   1.30000,
,,,0.004992850000,   1.30000,
,,,0.004992860000,   1.30000,
,,,0.004992870000,   1.32000,
,,,0.004992880000,   1.32000,
,,,0.004992890000,   1.32000,
,,,0.004992900000,   1.32000,
,,,0.004992910000,   1.30000,
,,,0.004992920000,   1.30000,
,,,0.004992930000,   1.32000,
,,,0.004992940000,   1.30000,
,,,0.004992950000,   1.32000,
,,,0.004992960000,   1.32000,
,,,0.004992970000,   1.30000,
,,,0.004992980000,   1.30000,
,,,0.004992990000,   1.32000,
,,,0.004993000000,   1.32000,
,,,0.004993010000,   1.32000,
,,,0.004993020000,   1.28000,
,,,0.004993030000,   1.32000,
,,,0.004993040000,   1.32000,
,,,0.004993050000,   1.32000,
,,,0.004993060000,   1.30000,
,,,0.004993070000,   1.30000,
,,,0.004993080000,   1.32000,
,,,0.004993090000,   1.32000,
,,,0.004993100000,   1.34000,
,,,0.004993110000,   1.32000,
,,,0.004993120000,   1.32000,
,,,0.004993130000,   1.30000,
,,,0.004993140000,   1.32000,
,,,0.004993150000,   1.30000,
,,,0.004993160000,   1.32000,
,,,0.004993170000,   1.28000,
,,,0.004993180000,   1.34000,
,,,0.004993190000,   1.32000,
,,,0.004993200000,   1.30000,
,,,0.004993210000,   1.30000,
,,,0.004993220000,   1.30000,
,,,0.004993230000,   1.28000,
,,,0.004993240000,   1.32000,
,,,0.004993250000,   1.30000,
,,,0.004993260000,   1.30000,
,,,0.004993270000,   1.32000,
,,,0.004993280000,   1.32000,
,,,0.004993290000,   1.30000,
,,,0.004993300000,   1.30000,
,,,0.004993310000,   1.34000,
,,,0.004993320000,   1.32000,
,,,0.004993330000,   1.32000,
,,,0.004993340000,   1.30000,
,,,0.004993350000,   1.32000,
,,,0.004993360000,   1.32000,
,,,0.004993370000,   1.32000,
,,,0.004993380000,   1.32000,
,,,0.004993390000,   1.30000,
,,,0.004993400000,   1.30000,
,,,0.004993410000,   1.32000,
,,,0.004993420000,   1.32000,
,,,0.004993430000,   1.28000,
,,,0.004993440000,   1.28000,
,,,0.004993450000,   1.28000,
,,,0.004993460000,   1.32000,
,,,0.004993470000,   1.34000,
,,,0.004993480000,   1.30000,
,,,0.004993490000,   1.30000,
,,,0.004993500000,   1.30000,
,,,0.004993510000,   1.34000,
,,,0.004993520000,   1.30000,
,,,0.004993530000,   1.30000,
,,,0.004993540000,   1.32000,
,,,0.004993550000,   1.32000,
,,,0.004993560000,   1.30000,
,,,0.004993570000,   1.28000,
,,,0.004993580000,   1.32000,
,,,0.004993590000,   1.32000,
,,,0.004993600000,   1.28000,
,,,0.004993610000,   1.30000,
,,,0.004993620000,   1.30000,
,,,0.004993630000,   1.30000,
,,,0.004993640000,   1.32000,
,,,0.004993650000,   1.30000,
,,,0.004993660000,   1.32000,
,,,0.004993670000,   1.30000,
,,,0.004993680000,   1.30000,
,,,0.004993690000,   1.30000,
,,,0.004993700000,   1.30000,
,,,0.004993710000,   1.32000,
,,,0.004993720000,   1.30000,
,,,0.004993730000,   1.30000,
,,,0.004993740000,   1.30000,
,,,0.004993750000,   1.32000,
,,,0.004993760000,   1.32000,
,,,0.004993770000,   1.32000,
,,,0.004993780000,   1.30000,
,,,0.004993790000,   1.32000,
,,,0.004993800000,   1.32000,
,,,0.004993810000,   1.30000,
,,,0.004993820000,   1.30000,
,,,0.004993830000,   1.30000,
,,,0.004993840000,   1.32000,
,,,0.004993850000,   1.30000,
,,,0.004993860000,   1.30000,
,,,0.004993870000,   1.32000,
,,,0.004993880000,   1.30000,
,,,0.004993890000,   1.32000,
,,,0.004993900000,   1.30000,
,,,0.004993910000,   1.30000,
,,,0.004993920000,   1.28000,
,,,0.004993930000,   1.30000,
,,,0.004993940000,   1.30000,
,,,0.004993950000,   1.30000,
,,,0.004993960000,   1.28000,
,,,0.004993970000,   1.32000,
,,,0.004993980000,   1.30000,
,,,0.004993990000,   1.34000,
,,,0.004994000000,   1.30000,
,,,0.004994010000,   1.28000,
,,,0.004994020000,   1.30000,
,,,0.004994030000,   1.28000,
,,,0.004994040000,   1.34000,
,,,0.004994050000,   1.32000,
,,,0.004994060000,   1.28000,
,,,0.004994070000,   1.30000,
,,,0.004994080000,   1.32000,
,,,0.004994090000,   1.32000,
,,,0.004994100000,   1.30000,
,,,0.004994110000,   1.32000,
,,,0.004994120000,   1.32000,
,,,0.004994130000,   1.32000,
,,,0.004994140000,   1.30000,
,,,0.004994150000,   1.30000,
,,,0.004994160000,   1.30000,
,,,0.004994170000,   1.32000,
,,,0.004994180000,   1.30000,
,,,0.004994190000,   1.32000,
,,,0.004994200000,   1.30000,
,,,0.004994210000,   1.28000,
,,,0.004994220000,   1.32000,
,,,0.004994230000,   1.28000,
,,,0.004994240000,   1.28000,
,,,0.004994250000,   1.32000,
,,,0.004994260000,   1.30000,
,,,0.004994270000,   1.32000,
,,,0.004994280000,   1.30000,
,,,0.004994290000,   1.28000,
,,,0.004994300000,   1.30000,
,,,0.004994310000,   1.30000,
,,,0.004994320000,   1.30000,
,,,0.004994330000,   1.28000,
,,,0.004994340000,   1.32000,
,,,0.004994350000,   1.32000,
,,,0.004994360000,   1.32000,
,,,0.004994370000,   1.34000,
,,,0.004994380000,   1.32000,
,,,0.004994390000,   1.30000,
,,,0.004994400000,   1.32000,
,,,0.004994410000,   1.32000,
,,,0.004994420000,   1.32000,
,,,0.004994430000,   1.30000,
,,,0.004994440000,   1.30000,
,,,0.004994450000,   1.30000,
,,,0.004994460000,   1.32000,
,,,0.004994470000,   1.32000,
,,,0.004994480000,   1.30000,
,,,0.004994490000,   1.30000,
,,,0.004994500000,   1.32000,
,,,0.004994510000,   1.34000,
,,,0.004994520000,   1.32000,
,,,0.004994530000,   1.30000,
,,,0.004994540000,   1.30000,
,,,0.004994550000,   1.32000,
,,,0.004994560000,   1.28000,
,,,0.004994570000,   1.32000,
,,,0.004994580000,   1.32000,
,,,0.004994590000,   1.32000,
,,,0.004994600000,   1.32000,
,,,0.004994610000,   1.30000,
,,,0.004994620000,   1.32000,
,,,0.004994630000,   1.32000,
,,,0.004994640000,   1.30000,
,,,0.004994650000,   1.34000,
,,,0.004994660000,   1.30000,
,,,0.004994670000,   1.28000,
,,,0.004994680000,   1.28000,
,,,0.004994690000,   1.30000,
,,,0.004994700000,   1.30000,
,,,0.004994710000,   1.30000,
,,,0.004994720000,   1.30000,
,,,0.004994730000,   1.32000,
,,,0.004994740000,   1.34000,
,,,0.004994750000,   1.32000,
,,,0.004994760000,   1.30000,
,,,0.004994770000,   1.30000,
,,,0.004994780000,   1.30000,
,,,0.004994790000,   1.30000,
,,,0.004994800000,   1.30000,
,,,0.004994810000,   1.32000,
,,,0.004994820000,   1.28000,
,,,0.004994830000,   1.32000,
,,,0.004994840000,   1.28000,
,,,0.004994850000,   1.30000,
,,,0.004994860000,   1.32000,
,,,0.004994870000,   1.30000,
,,,0.004994880000,   1.32000,
,,,0.004994890000,   1.32000,
,,,0.004994900000,   1.32000,
,,,0.004994910000,   1.32000,
,,,0.004994920000,   1.28000,
,,,0.004994930000,   1.32000,
,,,0.004994940000,   1.32000,
,,,0.004994950000,   1.32000,
,,,0.004994960000,   1.30000,
,,,0.004994970000,   1.28000,
,,,0.004994980000,   1.32000,
,,,0.004994990000,   1.32000,
,,,0.004995000000,   1.28000,
,,,0.004995010000,   1.30000,
,,,0.004995020000,   1.32000,
,,,0.004995030000,   1.30000,
,,,0.004995040000,   1.30000,
,,,0.004995050000,   1.30000,
,,,0.004995060000,   1.30000,
,,,0.004995070000,   1.32000,
,,,0.004995080000,   1.32000,
,,,0.004995090000,   1.28000,
,,,0.004995100000,   1.30000,
,,,0.004995110000,   1.32000,
,,,0.004995120000,   1.32000,
,,,0.004995130000,   1.32000,
,,,0.004995140000,   1.30000,
,,,0.004995150000,   1.32000,
,,,0.004995160000,   1.32000,
,,,0.004995170000,   1.30000,
,,,0.004995180000,   1.32000,
,,,0.004995190000,   1.32000,
,,,0.004995200000,   1.28000,
,,,0.004995210000,   1.32000,
,,,0.004995220000,   1.32000,
,,,0.004995230000,   1.30000,
,,,0.004995240000,   1.32000,
,,,0.004995250000,   1.28000,
,,,0.004995260000,   1.34000,
,,,0.004995270000,   1.30000,
,,,0.004995280000,   1.30000,
,,,0.004995290000,   1.30000,
,,,0.004995300000,   1.32000,
,,,0.004995310000,   1.30000,
,,,0.004995320000,   1.32000,
,,,0.004995330000,   1.30000,
,,,0.004995340000,   1.32000,
,,,0.004995350000,   1.30000,
,,,0.004995360000,   1.32000,
,,,0.004995370000,   1.32000,
,,,0.004995380000,   1.30000,
,,,0.004995390000,   1.32000,
,,,0.004995400000,   1.32000,
,,,0.004995410000,   1.32000,
,,,0.004995420000,   1.30000,
,,,0.004995430000,   1.30000,
,,,0.004995440000,   1.30000,
,,,0.004995450000,   1.32000,
,,,0.004995460000,   1.32000,
,,,0.004995470000,   1.32000,
,,,0.004995480000,   1.28000,
,,,0.004995490000,   1.32000,
,,,0.004995500000,   1.34000,
,,,0.004995510000,   1.32000,
,,,0.004995520000,   1.30000,
,,,0.004995530000,   1.30000,
,,,0.004995540000,   1.32000,
,,,0.004995550000,   1.32000,
,,,0.004995560000,   1.32000,
,,,0.004995570000,   1.28000,
,,,0.004995580000,   1.32000,
,,,0.004995590000,   1.30000,
,,,0.004995600000,   1.30000,
,,,0.004995610000,   1.28000,
,,,0.004995620000,   1.28000,
,,,0.004995630000,   1.30000,
,,,0.004995640000,   1.34000,
,,,0.004995650000,   1.32000,
,,,0.004995660000,   1.30000,
,,,0.004995670000,   1.32000,
,,,0.004995680000,   1.32000,
,,,0.004995690000,   1.32000,
,,,0.004995700000,   1.32000,
,,,0.004995710000,   1.30000,
,,,0.004995720000,   1.30000,
,,,0.004995730000,   1.30000,
,,,0.004995740000,   1.32000,
,,,0.004995750000,   1.32000,
,,,0.004995760000,   1.30000,
,,,0.004995770000,   1.32000,
,,,0.004995780000,   1.30000,
,,,0.004995790000,   1.30000,
,,,0.004995800000,   1.30000,
,,,0.004995810000,   1.32000,
,,,0.004995820000,   1.32000,
,,,0.004995830000,   1.28000,
,,,0.004995840000,   1.30000,
,,,0.004995850000,   1.32000,
,,,0.004995860000,   1.30000,
,,,0.004995870000,   1.32000,
,,,0.004995880000,   1.32000,
,,,0.004995890000,   1.30000,
,,,0.004995900000,   1.28000,
,,,0.004995910000,   1.30000,
,,,0.004995920000,   1.32000,
,,,0.004995930000,   1.32000,
,,,0.004995940000,   1.32000,
,,,0.004995950000,   1.32000,
,,,0.004995960000,   1.30000,
,,,0.004995970000,   1.32000,
,,,0.004995980000,   1.32000,
,,,0.004995990000,   1.28000,
,,,0.004996000000,   1.30000,
,,,0.004996010000,   1.30000,
,,,0.004996020000,   1.30000,
,,,0.004996030000,   1.32000,
,,,0.004996040000,   1.30000,
,,,0.004996050000,   1.34000,
,,,0.004996060000,   1.30000,
,,,0.004996070000,   1.32000,
,,,0.004996080000,   1.32000,
,,,0.004996090000,   1.34000,
,,,0.004996100000,   1.32000,
,,,0.004996110000,   1.30000,
,,,0.004996120000,   1.30000,
,,,0.004996130000,   1.30000,
,,,0.004996140000,   1.30000,
,,,0.004996150000,   1.34000,
,,,0.004996160000,   1.30000,
,,,0.004996170000,   1.30000,
,,,0.004996180000,   1.32000,
,,,0.004996190000,   1.30000,
,,,0.004996200000,   1.32000,
,,,0.004996210000,   1.32000,
,,,0.004996220000,   1.30000,
,,,0.004996230000,   1.32000,
,,,0.004996240000,   1.30000,
,,,0.004996250000,   1.32000,
,,,0.004996260000,   1.32000,
,,,0.004996270000,   1.28000,
,,,0.004996280000,   1.32000,
,,,0.004996290000,   1.30000,
,,,0.004996300000,   1.32000,
,,,0.004996310000,   1.30000,
,,,0.004996320000,   1.30000,
,,,0.004996330000,   1.32000,
,,,0.004996340000,   1.30000,
,,,0.004996350000,   1.32000,
,,,0.004996360000,   1.30000,
,,,0.004996370000,   1.30000,
,,,0.004996380000,   1.32000,
,,,0.004996390000,   1.32000,
,,,0.004996400000,   1.32000,
,,,0.004996410000,   1.30000,
,,,0.004996420000,   1.30000,
,,,0.004996430000,   1.32000,
,,,0.004996440000,   1.32000,
,,,0.004996450000,   1.32000,
,,,0.004996460000,   1.32000,
,,,0.004996470000,   1.30000,
,,,0.004996480000,   1.32000,
,,,0.004996490000,   1.32000,
,,,0.004996500000,   1.32000,
,,,0.004996510000,   1.30000,
,,,0.004996520000,   1.30000,
,,,0.004996530000,   1.34000,
,,,0.004996540000,   1.30000,
,,,0.004996550000,   1.30000,
,,,0.004996560000,   1.30000,
,,,0.004996570000,   1.32000,
,,,0.004996580000,   1.32000,
,,,0.004996590000,   1.32000,
,,,0.004996600000,   1.30000,
,,,0.004996610000,   1.32000,
,,,0.004996620000,   1.30000,
,,,0.004996630000,   1.32000,
,,,0.004996640000,   1.30000,
,,,0.004996650000,   1.30000,
,,,0.004996660000,   1.30000,
,,,0.004996670000,   1.32000,
,,,0.004996680000,   1.30000,
,,,0.004996690000,   1.30000,
,,,0.004996700000,   1.28000,
,,,0.004996710000,   1.32000,
,,,0.004996720000,   1.32000,
,,,0.004996730000,   1.30000,
,,,0.004996740000,   1.32000,
,,,0.004996750000,   1.34000,
,,,0.004996760000,   1.30000,
,,,0.004996770000,   1.30000,
,,,0.004996780000,   1.30000,
,,,0.004996790000,   1.30000,
,,,0.004996800000,   1.30000,
,,,0.004996810000,   1.32000,
,,,0.004996820000,   1.30000,
,,,0.004996830000,   1.30000,
,,,0.004996840000,   1.28000,
,,,0.004996850000,   1.30000,
,,,0.004996860000,   1.32000,
,,,0.004996870000,   1.32000,
,,,0.004996880000,   1.32000,
,,,0.004996890000,   1.30000,
,,,0.004996900000,   1.30000,
,,,0.004996910000,   1.30000,
,,,0.004996920000,   1.30000,
,,,0.004996930000,   1.32000,
,,,0.004996940000,   1.30000,
,,,0.004996950000,   1.28000,
,,,0.004996960000,   1.32000,
,,,0.004996970000,   1.32000,
,,,0.004996980000,   1.28000,
,,,0.004996990000,   1.32000,
,,,0.004997000000,   1.30000,
,,,0.004997010000,   1.32000,
,,,0.004997020000,   1.32000,
,,,0.004997030000,   1.28000,
,,,0.004997040000,   1.30000,
,,,0.004997050000,   1.32000,
,,,0.004997060000,   1.30000,
,,,0.004997070000,   1.28000,
,,,0.004997080000,   1.32000,
,,,0.004997090000,   1.32000,
,,,0.004997100000,   1.32000,
,,,0.004997110000,   1.32000,
,,,0.004997120000,   1.30000,
,,,0.004997130000,   1.32000,
,,,0.004997140000,   1.32000,
,,,0.004997150000,   1.32000,
,,,0.004997160000,   1.32000,
,,,0.004997170000,   1.32000,
,,,0.004997180000,   1.30000,
,,,0.004997190000,   1.30000,
,,,0.004997200000,   1.30000,
,,,0.004997210000,   1.28000,
,,,0.004997220000,   1.30000,
,,,0.004997230000,   1.30000,
,,,0.004997240000,   1.30000,
,,,0.004997250000,   1.30000,
,,,0.004997260000,   1.32000,
,,,0.004997270000,   1.32000,
,,,0.004997280000,   1.32000,
,,,0.004997290000,   1.32000,
,,,0.004997300000,   1.30000,
,,,0.004997310000,   1.32000,
,,,0.004997320000,   1.32000,
,,,0.004997330000,   1.32000,
,,,0.004997340000,   1.32000,
,,,0.004997350000,   1.28000,
,,,0.004997360000,   1.28000,
,,,0.004997370000,   1.34000,
,,,0.004997380000,   1.32000,
,,,0.004997390000,   1.28000,
,,,0.004997400000,   1.30000,
,,,0.004997410000,   1.32000,
,,,0.004997420000,   1.30000,
,,,0.004997430000,   1.32000,
,,,0.004997440000,   1.32000,
,,,0.004997450000,   1.32000,
,,,0.004997460000,   1.30000,
,,,0.004997470000,   1.34000,
,,,0.004997480000,   1.32000,
,,,0.004997490000,   1.30000,
,,,0.004997500000,   1.32000,
,,,0.004997510000,   1.30000,
,,,0.004997520000,   1.32000,
,,,0.004997530000,   1.32000,
,,,0.004997540000,   1.30000,
,,,0.004997550000,   1.30000,
,,,0.004997560000,   1.30000,
,,,0.004997570000,   1.32000,
,,,0.004997580000,   1.30000,
,,,0.004997590000,   1.30000,
,,,0.004997600000,   1.32000,
,,,0.004997610000,   1.30000,
,,,0.004997620000,   1.34000,
,,,0.004997630000,   1.30000,
,,,0.004997640000,   1.30000,
,,,0.004997650000,   1.30000,
,,,0.004997660000,   1.30000,
,,,0.004997670000,   1.30000,
,,,0.004997680000,   1.30000,
,,,0.004997690000,   1.30000,
,,,0.004997700000,   1.30000,
,,,0.004997710000,   1.30000,
,,,0.004997720000,   1.34000,
,,,0.004997730000,   1.32000,
,,,0.004997740000,   1.28000,
,,,0.004997750000,   1.30000,
,,,0.004997760000,   1.30000,
,,,0.004997770000,   1.32000,
,,,0.004997780000,   1.32000,
,,,0.004997790000,   1.30000,
,,,0.004997800000,   1.30000,
,,,0.004997810000,   1.32000,
,,,0.004997820000,   1.30000,
,,,0.004997830000,   1.32000,
,,,0.004997840000,   1.30000,
,,,0.004997850000,   1.32000,
,,,0.004997860000,   1.32000,
,,,0.004997870000,   1.30000,
,,,0.004997880000,   1.30000,
,,,0.004997890000,   1.28000,
,,,0.004997900000,   1.30000,
,,,0.004997910000,   1.30000,
,,,0.004997920000,   1.30000,
,,,0.004997930000,   1.32000,
,,,0.004997940000,   1.30000,
,,,0.004997950000,   1.32000,
,,,0.004997960000,   1.32000,
,,,0.004997970000,   1.28000,
,,,0.004997980000,   1.30000,
,,,0.004997990000,   1.28000,
,,,0.004998000000,   1.30000,
,,,0.004998010000,   1.32000,
,,,0.004998020000,   1.32000,
,,,0.004998030000,   1.32000,
,,,0.004998040000,   1.32000,
,,,0.004998050000,   1.32000,
,,,0.004998060000,   1.32000,
,,,0.004998070000,   1.32000,
,,,0.004998080000,   1.32000,
,,,0.004998090000,   1.32000,
,,,0.004998100000,   1.32000,
,,,0.004998110000,   1.30000,
,,,0.004998120000,   1.32000,
,,,0.004998130000,   1.32000,
,,,0.004998140000,   1.34000,
,,,0.004998150000,   1.30000,
,,,0.004998160000,   1.32000,
,,,0.004998170000,   1.28000,
,,,0.004998180000,   1.32000,
,,,0.004998190000,   1.32000,
,,,0.004998200000,   1.30000,
,,,0.004998210000,   1.28000,
,,,0.004998220000,   1.32000,
,,,0.004998230000,   1.30000,
,,,0.004998240000,   1.30000,
,,,0.004998250000,   1.28000,
,,,0.004998260000,   1.32000,
,,,0.004998270000,   1.32000,
,,,0.004998280000,   1.30000,
,,,0.004998290000,   1.28000,
,,,0.004998300000,   1.32000,
,,,0.004998310000,   1.32000,
,,,0.004998320000,   1.32000,
,,,0.004998330000,   1.30000,
,,,0.004998340000,   1.30000,
,,,0.004998350000,   1.28000,
,,,0.004998360000,   1.32000,
,,,0.004998370000,   1.34000,
,,,0.004998380000,   1.32000,
,,,0.004998390000,   1.30000,
,,,0.004998400000,   1.28000,
,,,0.004998410000,   1.32000,
,,,0.004998420000,   1.32000,
,,,0.004998430000,   1.32000,
,,,0.004998440000,   1.30000,
,,,0.004998450000,   1.30000,
,,,0.004998460000,   1.30000,
,,,0.004998470000,   1.34000,
,,,0.004998480000,   1.30000,
,,,0.004998490000,   1.30000,
,,,0.004998500000,   1.30000,
,,,0.004998510000,   1.30000,
,,,0.004998520000,   1.30000,
,,,0.004998530000,   1.30000,
,,,0.004998540000,   1.32000,
,,,0.004998550000,   1.30000,
,,,0.004998560000,   1.34000,
,,,0.004998570000,   1.32000,
,,,0.004998580000,   1.28000,
,,,0.004998590000,   1.32000,
,,,0.004998600000,   1.30000,
,,,0.004998610000,   1.34000,
,,,0.004998620000,   1.32000,
,,,0.004998630000,   1.30000,
,,,0.004998640000,   1.28000,
,,,0.004998650000,   1.30000,
,,,0.004998660000,   1.32000,
,,,0.004998670000,   1.30000,
,,,0.004998680000,   1.30000,
,,,0.004998690000,   1.30000,
,,,0.004998700000,   1.30000,
,,,0.004998710000,   1.32000,
,,,0.004998720000,   1.30000,
,,,0.004998730000,   1.32000,
,,,0.004998740000,   1.34000,
,,,0.004998750000,   1.30000,
,,,0.004998760000,   1.30000,
,,,0.004998770000,   1.32000,
,,,0.004998780000,   1.28000,
,,,0.004998790000,   1.34000,
,,,0.004998800000,   1.30000,
,,,0.004998810000,   1.30000,
,,,0.004998820000,   1.30000,
,,,0.004998830000,   1.32000,
,,,0.004998840000,   1.32000,
,,,0.004998850000,   1.32000,
,,,0.004998860000,   1.28000,
,,,0.004998870000,   1.28000,
,,,0.004998880000,   1.30000,
,,,0.004998890000,   1.32000,
,,,0.004998900000,   1.30000,
,,,0.004998910000,   1.32000,
,,,0.004998920000,   1.30000,
,,,0.004998930000,   1.28000,
,,,0.004998940000,   1.32000,
,,,0.004998950000,   1.32000,
,,,0.004998960000,   1.32000,
,,,0.004998970000,   1.32000,
,,,0.004998980000,   1.30000,
,,,0.004998990000,   1.30000,
,,,0.004999000000,   1.32000,
,,,0.004999010000,   1.30000,
,,,0.004999020000,   1.30000,
,,,0.004999030000,   1.30000,
,,,0.004999040000,   1.30000,
,,,0.004999050000,   1.30000,
,,,0.004999060000,   1.34000,
,,,0.004999070000,   1.30000,
,,,0.004999080000,   1.28000,
,,,0.004999090000,   1.32000,
,,,0.004999100000,   1.28000,
,,,0.004999110000,   1.30000,
,,,0.004999120000,   1.32000,
,,,0.004999130000,   1.32000,
,,,0.004999140000,   1.32000,
,,,0.004999150000,   1.32000,
,,,0.004999160000,   1.32000,
,,,0.004999170000,   1.28000,
,,,0.004999180000,   1.30000,
,,,0.004999190000,   1.28000,
,,,0.004999200000,   1.28000,
,,,0.004999210000,   1.28000,
,,,0.004999220000,   1.32000,
,,,0.004999230000,   1.30000,
,,,0.004999240000,   1.28000,
,,,0.004999250000,   1.32000,
,,,0.004999260000,   1.28000,
,,,0.004999270000,   1.34000,
,,,0.004999280000,   1.30000,
,,,0.004999290000,   1.32000,
,,,0.004999300000,   1.32000,
,,,0.004999310000,   1.30000,
,,,0.004999320000,   1.32000,
,,,0.004999330000,   1.30000,
,,,0.004999340000,   1.32000,
,,,0.004999350000,   1.34000,
,,,0.004999360000,   1.32000,
,,,0.004999370000,   1.30000,
,,,0.004999380000,   1.30000,
,,,0.004999390000,   1.28000,
,,,0.004999400000,   1.30000,
,,,0.004999410000,   1.30000,
,,,0.004999420000,   1.32000,
,,,0.004999430000,   1.28000,
,,,0.004999440000,   1.30000,
,,,0.004999450000,   1.30000,
,,,0.004999460000,   1.32000,
,,,0.004999470000,   1.30000,
,,,0.004999480000,   1.30000,
,,,0.004999490000,   1.30000,
,,,0.004999500000,   1.32000,
,,,0.004999510000,   1.32000,
,,,0.004999520000,   1.30000,
,,,0.004999530000,   1.30000,
,,,0.004999540000,   1.30000,
,,,0.004999550000,   1.30000,
,,,0.004999560000,   1.32000,
,,,0.004999570000,   1.30000,
,,,0.004999580000,   1.30000,
,,,0.004999590000,   1.30000,
,,,0.004999600000,   1.30000,
,,,0.004999610000,   1.32000,
,,,0.004999620000,   1.30000,
,,,0.004999630000,   1.30000,
,,,0.004999640000,   1.30000,
,,,0.004999650000,   1.32000,
,,,0.004999660000,   1.30000,
,,,0.004999670000,   1.28000,
,,,0.004999680000,   1.30000,
,,,0.004999690000,   1.32000,
,,,0.004999700000,   1.30000,
,,,0.004999710000,   1.32000,
,,,0.004999720000,   1.30000,
,,,0.004999730000,   1.28000,
,,,0.004999740000,   1.30000,
,,,0.004999750000,   1.30000,
,,,0.004999760000,   1.30000,
,,,0.004999770000,   1.32000,
,,,0.004999780000,   1.32000,
,,,0.004999790000,   1.32000,
,,,0.004999800000,   1.30000,
,,,0.004999810000,   1.30000,
,,,0.004999820000,   1.30000,
,,,0.004999830000,   1.28000,
,,,0.004999840000,   1.32000,
,,,0.004999850000,   1.30000,
,,,0.004999860000,   1.30000,
,,,0.004999870000,   1.30000,
,,,0.004999880000,   1.30000,
,,,0.004999890000,   1.30000,
,,,0.004999900000,   1.30000,
,,,0.004999910000,   1.30000,
,,,0.004999920000,   1.30000,
,,,0.004999930000,   1.30000,
,,,0.004999940000,   1.30000,
,,,0.004999950000,   1.26000,
,,,0.004999960000,   1.30000,
,,,0.004999970000,   1.28000,
,,,0.004999980000,   1.28000,
,,,0.004999990000,   1.28000,
,,,0.005000000000,   1.30000,
,,,0.005000010000,   1.32000,
,,,0.005000020000,   1.30000,
,,,0.005000030000,   0.58000,
,,,0.005000040000,  -1.58000,
,,,0.005000050000,  -1.16000,
,,,0.005000060000,  -1.22000,
,,,0.005000070000,  -1.20000,
,,,0.005000080000,  -1.20000,
,,,0.005000090000,  -1.22000,
,,,0.005000100000,  -1.22000,
,,,0.005000110000,  -1.24000,
,,,0.005000120000,  -1.20000,
,,,0.005000130000,  -1.22000,
,,,0.005000140000,  -1.22000,
,,,0.005000150000,  -1.20000,
,,,0.005000160000,  -1.22000,
,,,0.005000170000,  -1.24000,
,,,0.005000180000,  -1.24000,
,,,0.005000190000,  -1.22000,
,,,0.005000200000,  -1.24000,
,,,0.005000210000,  -1.22000,
,,,0.005000220000,  -1.22000,
,,,0.005000230000,  -1.22000,
,,,0.005000240000,  -1.24000,
,,,0.005000250000,  -1.22000,
,,,0.005000260000,  -1.24000,
,,,0.005000270000,  -1.22000,
,,,0.005000280000,  -1.22000,
,,,0.005000290000,  -1.24000,
,,,0.005000300000,  -1.24000,
,,,0.005000310000,  -1.24000,
,,,0.005000320000,  -1.22000,
,,,0.005000330000,  -1.20000,
,,,0.005000340000,  -1.22000,
,,,0.005000350000,  -1.24000,
,,,0.005000360000,  -1.22000,
,,,0.005000370000,  -1.20000,
,,,0.005000380000,  -1.24000,
,,,0.005000390000,  -1.24000,
,,,0.005000400000,  -1.20000,
,,,0.005000410000,  -1.20000,
,,,0.005000420000,  -1.22000,
,,,0.005000430000,  -1.22000,
,,,0.005000440000,  -1.20000,
,,,0.005000450000,  -1.24000,
,,,0.005000460000,  -1.22000,
,,,0.005000470000,  -1.24000,
,,,0.005000480000,  -1.24000,
,,,0.005000490000,  -1.22000,
,,,0.005000500000,  -1.22000,
,,,0.005000510000,  -1.20000,
,,,0.005000520000,  -1.24000,
,,,0.005000530000,  -1.24000,
,,,0.005000540000,  -1.20000,
,,,0.005000550000,  -1.22000,
,,,0.005000560000,  -1.22000,
,,,0.005000570000,  -1.22000,
,,,0.005000580000,  -1.22000,
,,,0.005000590000,  -1.20000,
,,,0.005000600000,  -1.24000,
,,,0.005000610000,  -1.20000,
,,,0.005000620000,  -1.22000,
,,,0.005000630000,  -1.22000,
,,,0.005000640000,  -1.24000,
,,,0.005000650000,  -1.22000,
,,,0.005000660000,  -1.22000,
,,,0.005000670000,  -1.24000,
,,,0.005000680000,  -1.22000,
,,,0.005000690000,  -1.22000,
,,,0.005000700000,  -1.22000,
,,,0.005000710000,  -1.24000,
,,,0.005000720000,  -1.22000,
,,,0.005000730000,  -1.22000,
,,,0.005000740000,  -1.20000,
,,,0.005000750000,  -1.24000,
,,,0.005000760000,  -1.24000,
,,,0.005000770000,  -1.24000,
,,,0.005000780000,  -1.26000,
,,,0.005000790000,  -1.24000,
,,,0.005000800000,  -1.22000,
,,,0.005000810000,  -1.22000,
,,,0.005000820000,  -1.24000,
,,,0.005000830000,  -1.20000,
,,,0.005000840000,  -1.24000,
,,,0.005000850000,  -1.24000,
,,,0.005000860000,  -1.22000,
,,,0.005000870000,  -1.22000,
,,,0.005000880000,  -1.20000,
,,,0.005000890000,  -1.22000,
,,,0.005000900000,  -1.22000,
,,,0.005000910000,  -1.22000,
,,,0.005000920000,  -1.24000,
,,,0.005000930000,  -1.22000,
,,,0.005000940000,  -1.22000,
,,,0.005000950000,  -1.22000,
,,,0.005000960000,  -1.22000,
,,,0.005000970000,  -1.24000,
,,,0.005000980000,  -1.22000,
,,,0.005000990000,  -1.24000,
,,,0.005001000000,  -1.24000,
,,,0.005001010000,  -1.24000,
,,,0.005001020000,  -1.24000,
,,,0.005001030000,  -1.22000,
,,,0.005001040000,  -1.20000,
,,,0.005001050000,  -1.24000,
,,,0.005001060000,  -1.22000,
,,,0.005001070000,  -1.22000,
,,,0.005001080000,  -1.22000,
,,,0.005001090000,  -1.24000,
,,,0.005001100000,  -1.24000,
,,,0.005001110000,  -1.22000,
,,,0.005001120000,  -1.22000,
,,,0.005001130000,  -1.20000,
,,,0.005001140000,  -1.22000,
,,,0.005001150000,  -1.24000,
,,,0.005001160000,  -1.22000,
,,,0.005001170000,  -1.22000,
,,,0.005001180000,  -1.24000,
,,,0.005001190000,  -1.22000,
,,,0.005001200000,  -1.26000,
,,,0.005001210000,  -1.24000,
,,,0.005001220000,  -1.24000,
,,,0.005001230000,  -1.22000,
,,,0.005001240000,  -1.22000,
,,,0.005001250000,  -1.24000,
,,,0.005001260000,  -1.22000,
,,,0.005001270000,  -1.22000,
,,,0.005001280000,  -1.24000,
,,,0.005001290000,  -1.24000,
,,,0.005001300000,  -1.24000,
,,,0.005001310000,  -1.20000,
,,,0.005001320000,  -1.22000,
,,,0.005001330000,  -1.24000,
,,,0.005001340000,  -1.22000,
,,,0.005001350000,  -1.24000,
,,,0.005001360000,  -1.22000,
,,,0.005001370000,  -1.24000,
,,,0.005001380000,  -1.24000,
,,,0.005001390000,  -1.22000,
,,,0.005001400000,  -1.24000,
,,,0.005001410000,  -1.24000,
,,,0.005001420000,  -1.22000,
,,,0.005001430000,  -1.22000,
,,,0.005001440000,  -1.24000,
,,,0.005001450000,  -1.22000,
,,,0.005001460000,  -1.22000,
,,,0.005001470000,  -1.22000,
,,,0.005001480000,  -1.22000,
,,,0.005001490000,  -1.22000,
,,,0.005001500000,  -1.22000,
,,,0.005001510000,  -1.22000,
,,,0.005001520000,  -1.22000,
,,,0.005001530000,  -1.22000,
,,,0.005001540000,  -1.22000,
,,,0.005001550000,  -1.22000,
,,,0.005001560000,  -1.22000,
,,,0.005001570000,  -1.22000,
,,,0.005001580000,  -1.24000,
,,,0.005001590000,  -1.22000,
,,,0.005001600000,  -1.24000,
,,,0.005001610000,  -1.22000,
,,,0.005001620000,  -1.20000,
,,,0.005001630000,  -1.26000,
,,,0.005001640000,  -1.22000,
,,,0.005001650000,  -1.22000,
,,,0.005001660000,  -1.20000,
,,,0.005001670000,  -1.22000,
,,,0.005001680000,  -1.26000,
,,,0.005001690000,  -1.22000,
,,,0.005001700000,  -1.24000,
,,,0.005001710000,  -1.24000,
,,,0.005001720000,  -1.22000,
,,,0.005001730000,  -1.22000,
,,,0.005001740000,  -1.26000,
,,,0.005001750000,  -1.24000,
,,,0.005001760000,  -1.24000,
,,,0.005001770000,  -1.24000,
,,,0.005001780000,  -1.24000,
,,,0.005001790000,  -1.24000,
,,,0.005001800000,  -1.22000,
,,,0.005001810000,  -1.24000,
,,,0.005001820000,  -1.24000,
,,,0.005001830000,  -1.22000,
,,,0.005001840000,  -1.22000,
,,,0.005001850000,  -1.22000,
,,,0.005001860000,  -1.24000,
,,,0.005001870000,  -1.24000,
,,,0.005001880000,  -1.24000,
,,,0.005001890000,  -1.22000,
,,,0.005001900000,  -1.24000,
,,,0.005001910000,  -1.24000,
,,,0.005001920000,  -1.20000,
,,,0.005001930000,  -1.22000,
,,,0.005001940000,  -1.22000,
,,,0.005001950000,  -1.24000,
,,,0.005001960000,  -1.24000,
,,,0.005001970000,  -1.22000,
,,,0.005001980000,  -1.22000,
,,,0.005001990000,  -1.22000,
,,,0.005002000000,  -1.24000,
,,,0.005002010000,  -1.22000,
,,,0.005002020000,  -1.22000,
,,,0.005002030000,  -1.22000,
,,,0.005002040000,  -1.22000,
,,,0.005002050000,  -1.22000,
,,,0.005002060000,  -1.22000,
,,,0.005002070000,  -1.22000,
,,,0.005002080000,  -1.24000,
,,,0.005002090000,  -1.22000,
,,,0.005002100000,  -1.22000,
,,,0.005002110000,  -1.22000,
,,,0.005002120000,  -1.20000,
,,,0.005002130000,  -1.22000,
,,,0.005002140000,  -1.24000,
,,,0.005002150000,  -1.22000,
,,,0.005002160000,  -1.22000,
,,,0.005002170000,  -1.22000,
,,,0.005002180000,  -1.22000,
,,,0.005002190000,  -1.24000,
,,,0.005002200000,  -1.20000,
,,,0.005002210000,  -1.24000,
,,,0.005002220000,  -1.24000,
,,,0.005002230000,  -1.22000,
,,,0.005002240000,  -1.22000,
,,,0.005002250000,  -1.20000,
,,,0.005002260000,  -1.22000,
,,,0.005002270000,  -1.24000,
,,,0.005002280000,  -1.26000,
,,,0.005002290000,  -1.24000,
,,,0.005002300000,  -1.22000,
,,,0.005002310000,  -1.24000,
,,,0.005002320000,  -1.24000,
,,,0.005002330000,  -1.22000,
,,,0.005002340000,  -1.24000,
,,,0.005002350000,  -1.24000,
,,,0.005002360000,  -1.24000,
,,,0.005002370000,  -1.24000,
,,,0.005002380000,  -1.20000,
,,,0.005002390000,  -1.22000,
,,,0.005002400000,  -1.26000,
,,,0.005002410000,  -1.22000,
,,,0.005002420000,  -1.22000,
,,,0.005002430000,  -1.24000,
,,,0.005002440000,  -1.22000,
,,,0.005002450000,  -1.24000,
,,,0.005002460000,  -1.26000,
,,,0.005002470000,  -1.22000,
,,,0.005002480000,  -1.24000,
,,,0.005002490000,  -1.22000,
,,,0.005002500000,  -1.22000,
,,,0.005002510000,  -1.24000,
,,,0.005002520000,  -1.24000,
,,,0.005002530000,  -1.24000,
,,,0.005002540000,  -1.22000,
,,,0.005002550000,  -1.24000,
,,,0.005002560000,  -1.26000,
,,,0.005002570000,  -1.24000,
,,,0.005002580000,  -1.22000,
,,,0.005002590000,  -1.22000,
,,,0.005002600000,  -1.24000,
,,,0.005002610000,  -1.22000,
,,,0.005002620000,  -1.24000,
,,,0.005002630000,  -1.22000,
,,,0.005002640000,  -1.24000,
,,,0.005002650000,  -1.24000,
,,,0.005002660000,  -1.24000,
,,,0.005002670000,  -1.22000,
,,,0.005002680000,  -1.20000,
,,,0.005002690000,  -1.24000,
,,,0.005002700000,  -1.22000,
,,,0.005002710000,  -1.22000,
,,,0.005002720000,  -1.24000,
,,,0.005002730000,  -1.24000,
,,,0.005002740000,  -1.20000,
,,,0.005002750000,  -1.26000,
,,,0.005002760000,  -1.24000,
,,,0.005002770000,  -1.24000,
,,,0.005002780000,  -1.24000,
,,,0.005002790000,  -1.24000,
,,,0.005002800000,  -1.24000,
,,,0.005002810000,  -1.24000,
,,,0.005002820000,  -1.24000,
,,,0.005002830000,  -1.24000,
,,,0.005002840000,  -1.22000,
,,,0.005002850000,  -1.26000,
,,,0.005002860000,  -1.24000,
,,,0.005002870000,  -1.24000,
,,,0.005002880000,  -1.22000,
,,,0.005002890000,  -1.24000,
,,,0.005002900000,  -1.26000,
,,,0.005002910000,  -1.20000,
,,,0.005002920000,  -1.22000,
,,,0.005002930000,  -1.22000,
,,,0.005002940000,  -1.24000,
,,,0.005002950000,  -1.22000,
,,,0.005002960000,  -1.22000,
,,,0.005002970000,  -1.22000,
,,,0.005002980000,  -1.24000,
,,,0.005002990000,  -1.24000,
,,,0.005003000000,  -1.24000,
,,,0.005003010000,  -1.22000,
,,,0.005003020000,  -1.22000,
,,,0.005003030000,  -1.22000,
,,,0.005003040000,  -1.22000,
,,,0.005003050000,  -1.24000,
,,,0.005003060000,  -1.26000,
,,,0.005003070000,  -1.22000,
,,,0.005003080000,  -1.22000,
,,,0.005003090000,  -1.22000,
,,,0.005003100000,  -1.24000,
,,,0.005003110000,  -1.24000,
,,,0.005003120000,  -1.24000,
,,,0.005003130000,  -1.22000,
,,,0.005003140000,  -1.22000,
,,,0.005003150000,  -1.22000,
,,,0.005003160000,  -1.24000,
,,,0.005003170000,  -1.22000,
,,,0.005003180000,  -1.24000,
,,,0.005003190000,  -1.22000,
,,,0.005003200000,  -1.22000,
,,,0.005003210000,  -1.26000,
,,,0.005003220000,  -1.22000,
,,,0.005003230000,  -1.22000,
,,,0.005003240000,  -1.24000,
,,,0.005003250000,  -1.20000,
,,,0.005003260000,  -1.24000,
,,,0.005003270000,  -1.24000,
,,,0.005003280000,  -1.24000,
,,,0.005003290000,  -1.24000,
,,,0.005003300000,  -1.22000,
,,,0.005003310000,  -1.24000,
,,,0.005003320000,  -1.24000,
,,,0.005003330000,  -1.24000,
,,,0.005003340000,  -1.24000,
,,,0.005003350000,  -1.24000,
,,,0.005003360000,  -1.24000,
,,,0.005003370000,  -1.22000,
,,,0.005003380000,  -1.24000,
,,,0.005003390000,  -1.22000,
,,,0.005003400000,  -1.20000,
,,,0.005003410000,  -1.24000,
,,,0.005003420000,  -1.22000,
,,,0.005003430000,  -1.22000,
,,,0.005003440000,  -1.24000,
,,,0.005003450000,  -1.24000,
,,,0.005003460000,  -1.22000,
,,,0.005003470000,  -1.22000,
,,,0.005003480000,  -1.24000,
,,,0.005003490000,  -1.22000,
,,,0.005003500000,  -1.24000,
,,,0.005003510000,  -1.22000,
,,,0.005003520000,  -1.24000,
,,,0.005003530000,  -1.20000,
,,,0.005003540000,  -1.26000,
,,,0.005003550000,  -1.22000,
,,,0.005003560000,  -1.24000,
,,,0.005003570000,  -1.24000,
,,,0.005003580000,  -1.26000,
,,,0.005003590000,  -1.24000,
,,,0.005003600000,  -1.24000,
,,,0.005003610000,  -1.24000,
,,,0.005003620000,  -1.24000,
,,,0.005003630000,  -1.26000,
,,,0.005003640000,  -1.22000,
,,,0.005003650000,  -1.24000,
,,,0.005003660000,  -1.22000,
,,,0.005003670000,  -1.22000,
,,,0.005003680000,  -1.24000,
,,,0.005003690000,  -1.24000,
,,,0.005003700000,  -1.22000,
,,,0.005003710000,  -1.22000,
,,,0.005003720000,  -1.20000,
,,,0.005003730000,  -1.24000,
,,,0.005003740000,  -1.22000,
,,,0.005003750000,  -1.24000,
,,,0.005003760000,  -1.24000,
,,,0.005003770000,  -1.22000,
,,,0.005003780000,  -1.22000,
,,,0.005003790000,  -1.24000,
,,,0.005003800000,  -1.24000,
,,,0.005003810000,  -1.24000,
,,,0.005003820000,  -1.22000,
,,,0.005003830000,  -1.22000,
,,,0.005003840000,  -1.24000,
,,,0.005003850000,  -1.26000,
,,,0.005003860000,  -1.24000,
,,,0.005003870000,  -1.22000,
,,,0.005003880000,  -1.26000,
,,,0.005003890000,  -1.24000,
,,,0.005003900000,  -1.22000,
,,,0.005003910000,  -1.22000,
,,,0.005003920000,  -1.22000,
,,,0.005003930000,  -1.24000,
,,,0.005003940000,  -1.24000,
,,,0.005003950000,  -1.22000,
,,,0.005003960000,  -1.22000,
,,,0.005003970000,  -1.24000,
,,,0.005003980000,  -1.24000,
,,,0.005003990000,  -1.24000,
,,,0.005004000000,  -1.24000,
,,,0.005004010000,  -1.22000,
,,,0.005004020000,  -1.22000,
,,,0.005004030000,  -1.24000,
,,,0.005004040000,  -1.24000,
,,,0.005004050000,  -1.24000,
,,,0.005004060000,  -1.24000,
,,,0.005004070000,  -1.22000,
,,,0.005004080000,  -1.20000,
,,,0.005004090000,  -1.26000,
,,,0.005004100000,  -1.22000,
,,,0.005004110000,  -1.24000,
,,,0.005004120000,  -1.22000,
,,,0.005004130000,  -1.22000,
,,,0.005004140000,  -1.26000,
,,,0.005004150000,  -1.26000,
,,,0.005004160000,  -1.24000,
,,,0.005004170000,  -1.26000,
,,,0.005004180000,  -1.26000,
,,,0.005004190000,  -1.24000,
,,,0.005004200000,  -1.22000,
,,,0.005004210000,  -1.24000,
,,,0.005004220000,  -1.26000,
,,,0.005004230000,  -1.22000,
,,,0.005004240000,  -1.18000,
,,,0.005004250000,  -1.22000,
,,,0.005004260000,  -1.26000,
,,,0.005004270000,  -1.26000,
,,,0.005004280000,  -1.24000,
,,,0.005004290000,  -1.24000,
,,,0.005004300000,  -1.22000,
,,,0.005004310000,  -1.24000,
,,,0.005004320000,  -1.22000,
,,,0.005004330000,  -1.24000,
,,,0.005004340000,  -1.24000,
,,,0.005004350000,  -1.24000,
,,,0.005004360000,  -1.22000,
,,,0.005004370000,  -1.22000,
,,,0.005004380000,  -1.24000,
,,,0.005004390000,  -1.24000,
,,,0.005004400000,  -1.22000,
,,,0.005004410000,  -1.24000,
,,,0.005004420000,  -1.24000,
,,,0.005004430000,  -1.26000,
,,,0.005004440000,  -1.24000,
,,,0.005004450000,  -1.24000,
,,,0.005004460000,  -1.22000,
,,,0.005004470000,  -1.24000,
,,,0.005004480000,  -1.24000,
,,,0.005004490000,  -1.26000,
,,,0.005004500000,  -1.24000,
,,,0.005004510000,  -1.24000,
,,,0.005004520000,  -1.22000,
,,,0.005004530000,  -1.24000,
,,,0.005004540000,  -1.22000,
,,,0.005004550000,  -1.22000,
,,,0.005004560000,  -1.24000,
,,,0.005004570000,  -1.24000,
,,,0.005004580000,  -1.24000,
,,,0.005004590000,  -1.24000,
,,,0.005004600000,  -1.24000,
,,,0.005004610000,  -1.24000,
,,,0.005004620000,  -1.22000,
,,,0.005004630000,  -1.22000,
,,,0.005004640000,  -1.22000,
,,,0.005004650000,  -1.24000,
,,,0.005004660000,  -1.20000,
,,,0.005004670000,  -1.26000,
,,,0.005004680000,  -1.24000,
,,,0.005004690000,  -1.24000,
,,,0.005004700000,  -1.22000,
,,,0.005004710000,  -1.26000,
,,,0.005004720000,  -1.22000,
,,,0.005004730000,  -1.22000,
,,,0.005004740000,  -1.22000,
,,,0.005004750000,  -1.22000,
,,,0.005004760000,  -1.24000,
,,,0.005004770000,  -1.22000,
,,,0.005004780000,  -1.24000,
,,,0.005004790000,  -1.24000,
,,,0.005004800000,  -1.24000,
,,,0.005004810000,  -1.24000,
,,,0.005004820000,  -1.24000,
,,,0.005004830000,  -1.24000,
,,,0.005004840000,  -1.24000,
,,,0.005004850000,  -1.24000,
,,,0.005004860000,  -1.24000,
,,,0.005004870000,  -1.26000,
,,,0.005004880000,  -1.22000,
,,,0.005004890000,  -1.24000,
,,,0.005004900000,  -1.22000,
,,,0.005004910000,  -1.22000,
,,,0.005004920000,  -1.24000,
,,,0.005004930000,  -1.24000,
,,,0.005004940000,  -1.26000,
,,,0.005004950000,  -1.24000,
,,,0.005004960000,  -1.24000,
,,,0.005004970000,  -1.22000,
,,,0.005004980000,  -1.22000,
,,,0.005004990000,  -1.22000,
,,,0.005005000000,  -1.20000,
,,,0.005005010000,  -1.22000,
,,,0.005005020000,  -1.22000,
,,,0.005005030000,  -1.24000,
,,,0.005005040000,  -1.24000,
,,,0.005005050000,  -1.24000,
,,,0.005005060000,  -1.24000,
,,,0.005005070000,  -1.24000,
,,,0.005005080000,  -1.24000,
,,,0.005005090000,  -1.26000,
,,,0.005005100000,  -1.24000,
,,,0.005005110000,  -1.22000,
,,,0.005005120000,  -1.24000,
,,,0.005005130000,  -1.24000,
,,,0.005005140000,  -1.24000,
,,,0.005005150000,  -1.24000,
,,,0.005005160000,  -1.24000,
,,,0.005005170000,  -1.24000,
,,,0.005005180000,  -1.24000,
,,,0.005005190000,  -1.24000,
,,,0.005005200000,  -1.24000,
,,,0.005005210000,  -1.26000,
,,,0.005005220000,  -1.24000,
,,,0.005005230000,  -1.24000,
,,,0.005005240000,  -1.22000,
,,,0.005005250000,  -1.24000,
,,,0.005005260000,  -1.24000,
,,,0.005005270000,  -1.22000,
,,,0.005005280000,  -1.24000,
,,,0.005005290000,  -1.24000,
,,,0.005005300000,  -1.24000,
,,,0.005005310000,  -1.24000,
,,,0.005005320000,  -1.22000,
,,,0.005005330000,  -1.24000,
,,,0.005005340000,  -1.24000,
,,,0.005005350000,  -1.22000,
,,,0.005005360000,  -1.24000,
,,,0.005005370000,  -1.24000,
,,,0.005005380000,  -1.24000,
,,,0.005005390000,  -1.20000,
,,,0.005005400000,  -1.26000,
,,,0.005005410000,  -1.26000,
,,,0.005005420000,  -1.24000,
,,,0.005005430000,  -1.24000,
,,,0.005005440000,  -1.24000,
,,,0.005005450000,  -1.24000,
,,,0.005005460000,  -1.22000,
,,,0.005005470000,  -1.24000,
,,,0.005005480000,  -1.24000,
,,,0.005005490000,  -1.26000,
,,,0.005005500000,  -1.22000,
,,,0.005005510000,  -1.24000,
,,,0.005005520000,  -1.24000,
,,,0.005005530000,  -1.24000,
,,,0.005005540000,  -1.24000,
,,,0.005005550000,  -1.24000,
,,,0.005005560000,  -1.24000,
,,,0.005005570000,  -1.24000,
,,,0.005005580000,  -1.26000,
,,,0.005005590000,  -1.26000,
,,,0.005005600000,  -1.24000,
,,,0.005005610000,  -1.24000,
,,,0.005005620000,  -1.22000,
,,,0.005005630000,  -1.24000,
,,,0.005005640000,  -1.24000,
,,,0.005005650000,  -1.22000,
,,,0.005005660000,  -1.24000,
,,,0.005005670000,  -1.26000,
,,,0.005005680000,  -1.24000,
,,,0.005005690000,  -1.26000,
,,,0.005005700000,  -1.24000,
,,,0.005005710000,  -1.24000,
,,,0.005005720000,  -1.24000,
,,,0.005005730000,  -1.24000,
,,,0.005005740000,  -1.24000,
,,,0.005005750000,  -1.22000,
,,,0.005005760000,  -1.22000,
,,,0.005005770000,  -1.24000,
,,,0.005005780000,  -1.24000,
,,,0.005005790000,  -1.26000,
,,,0.005005800000,  -1.24000,
,,,0.005005810000,  -1.24000,
,,,0.005005820000,  -1.26000,
,,,0.005005830000,  -1.24000,
,,,0.005005840000,  -1.22000,
,,,0.005005850000,  -1.22000,
,,,0.005005860000,  -1.24000,
,,,0.005005870000,  -1.24000,
,,,0.005005880000,  -1.22000,
,,,0.005005890000,  -1.24000,
,,,0.005005900000,  -1.24000,
,,,0.005005910000,  -1.24000,
,,,0.005005920000,  -1.24000,
,,,0.005005930000,  -1.22000,
,,,0.005005940000,  -1.22000,
,,,0.005005950000,  -1.24000,
,,,0.005005960000,  -1.24000,
,,,0.005005970000,  -1.24000,
,,,0.005005980000,  -1.24000,
,,,0.005005990000,  -1.20000,
,,,0.005006000000,  -1.24000,
,,,0.005006010000,  -1.24000,
,,,0.005006020000,  -1.24000,
,,,0.005006030000,  -1.24000,
,,,0.005006040000,  -1.26000,
,,,0.005006050000,  -1.20000,
,,,0.005006060000,  -1.22000,
,,,0.005006070000,  -1.26000,
,,,0.005006080000,  -1.22000,
,,,0.005006090000,  -1.26000,
,,,0.005006100000,  -1.22000,
,,,0.005006110000,  -1.24000,
,,,0.005006120000,  -1.24000,
,,,0.005006130000,  -1.22000,
,,,0.005006140000,  -1.24000,
,,,0.005006150000,  -1.24000,
,,,0.005006160000,  -1.24000,
,,,0.005006170000,  -1.26000,
,,,0.005006180000,  -1.24000,
,,,0.005006190000,  -1.26000,
,,,0.005006200000,  -1.24000,
,,,0.005006210000,  -1.24000,
,,,0.005006220000,  -1.24000,
,,,0.005006230000,  -1.22000,
,,,0.005006240000,  -1.22000,
,,,0.005006250000,  -1.24000,
,,,0.005006260000,  -1.20000,
,,,0.005006270000,  -1.24000,
,,,0.005006280000,  -1.24000,
,,,0.005006290000,  -1.24000,
,,,0.005006300000,  -1.26000,
,,,0.005006310000,  -1.26000,
,,,0.005006320000,  -1.24000,
,,,0.005006330000,  -1.26000,
,,,0.005006340000,  -1.20000,
,,,0.005006350000,  -1.22000,
,,,0.005006360000,  -1.24000,
,,,0.005006370000,  -1.24000,
,,,0.005006380000,  -1.26000,
,,,0.005006390000,  -1.24000,
,,,0.005006400000,  -1.24000,
,,,0.005006410000,  -1.24000,
,,,0.005006420000,  -1.26000,
,,,0.005006430000,  -1.24000,
,,,0.005006440000,  -1.24000,
,,,0.005006450000,  -1.24000,
,,,0.005006460000,  -1.26000,
,,,0.005006470000,  -1.22000,
,,,0.005006480000,  -1.24000,
,,,0.005006490000,  -1.22000,
,,,0.005006500000,  -1.22000,
,,,0.005006510000,  -1.26000,
,,,0.005006520000,  -1.24000,
,,,0.005006530000,  -1.20000,
,,,0.005006540000,  -1.26000,
,,,0.005006550000,  -1.24000,
,,,0.005006560000,  -1.24000,
,,,0.005006570000,  -1.26000,
,,,0.005006580000,  -1.24000,
,,,0.005006590000,  -1.22000,
,,,0.005006600000,  -1.20000,
,,,0.005006610000,  -1.24000,
,,,0.005006620000,  -1.24000,
,,,0.005006630000,  -1.22000,
,,,0.005006640000,  -1.22000,
,,,0.005006650000,  -1.24000,
,,,0.005006660000,  -1.22000,
,,,0.005006670000,  -1.24000,
,,,0.005006680000,  -1.26000,
,,,0.005006690000,  -1.24000,
,,,0.005006700000,  -1.22000,
,,,0.005006710000,  -1.26000,
,,,0.005006720000,  -1.26000,
,,,0.005006730000,  -1.24000,
,,,0.005006740000,  -1.24000,
,,,0.005006750000,  -1.24000,
,,,0.005006760000,  -1.24000,
,,,0.005006770000,  -1.26000,
,,,0.005006780000,  -1.22000,
,,,0.005006790000,  -1.22000,
,,,0.005006800000,  -1.22000,
,,,0.005006810000,  -1.26000,
,,,0.005006820000,  -1.22000,
,,,0.005006830000,  -1.22000,
,,,0.005006840000,  -1.22000,
,,,0.005006850000,  -1.24000,
,,,0.005006860000,  -1.26000,
,,,0.005006870000,  -1.22000,
,,,0.005006880000,  -1.24000,
,,,0.005006890000,  -1.26000,
,,,0.005006900000,  -1.26000,
,,,0.005006910000,  -1.24000,
,,,0.005006920000,  -1.24000,
,,,0.005006930000,  -1.22000,
,,,0.005006940000,  -1.26000,
,,,0.005006950000,  -1.24000,
,,,0.005006960000,  -1.24000,
,,,0.005006970000,  -1.26000,
,,,0.005006980000,  -1.24000,
,,,0.005006990000,  -1.26000,
,,,0.005007000000,  -1.24000,
,,,0.005007010000,  -1.24000,
,,,0.005007020000,  -1.24000,
,,,0.005007030000,  -1.26000,
,,,0.005007040000,  -1.24000,
,,,0.005007050000,  -1.24000,
,,,0.005007060000,  -1.24000,
,,,0.005007070000,  -1.24000,
,,,0.005007080000,  -1.24000,
,,,0.005007090000,  -1.26000,
,,,0.005007100000,  -1.24000,
,,,0.005007110000,  -1.24000,
,,,0.005007120000,  -1.24000,
,,,0.005007130000,  -1.24000,
,,,0.005007140000,  -1.24000,
,,,0.005007150000,  -1.24000,
,,,0.005007160000,  -1.24000,
,,,0.005007170000,  -1.24000,
,,,0.005007180000,  -1.24000,
,,,0.005007190000,  -1.24000,
,,,0.005007200000,  -1.26000,
,,,0.005007210000,  -1.24000,
,,,0.005007220000,  -1.24000,
,,,0.005007230000,  -1.24000,
,,,0.005007240000,  -1.24000,
,,,0.005007250000,  -1.24000,
,,,0.005007260000,  -1.26000,
,,,0.005007270000,  -1.22000,
,,,0.005007280000,  -1.24000,
,,,0.005007290000,  -1.26000,
,,,0.005007300000,  -1.26000,
,,,0.005007310000,  -1.26000,
,,,0.005007320000,  -1.24000,
,,,0.005007330000,  -1.24000,
,,,0.005007340000,  -1.24000,
,,,0.005007350000,  -1.24000,
,,,0.005007360000,  -1.26000,
,,,0.005007370000,  -1.24000,
,,,0.005007380000,  -1.24000,
,,,0.005007390000,  -1.22000,
,,,0.005007400000,  -1.22000,
,,,0.005007410000,  -1.24000,
,,,0.005007420000,  -1.24000,
,,,0.005007430000,  -1.26000,
,,,0.005007440000,  -1.22000,
,,,0.005007450000,  -1.24000,
,,,0.005007460000,  -1.24000,
,,,0.005007470000,  -1.24000,
,,,0.005007480000,  -1.24000,
,,,0.005007490000,  -1.24000,
,,,0.005007500000,  -1.26000,
,,,0.005007510000,  -1.24000,
,,,0.005007520000,  -1.24000,
,,,0.005007530000,  -1.26000,
,,,0.005007540000,  -1.26000,
,,,0.005007550000,  -1.24000,
,,,0.005007560000,  -1.22000,
,,,0.005007570000,  -1.24000,
,,,0.005007580000,  -1.24000,
,,,0.005007590000,  -1.22000,
,,,0.005007600000,  -1.24000,
,,,0.005007610000,  -1.24000,
,,,0.005007620000,  -1.26000,
,,,0.005007630000,  -1.24000,
,,,0.005007640000,  -1.24000,
,,,0.005007650000,  -1.24000,
,,,0.005007660000,  -1.26000,
,,,0.005007670000,  -1.24000,
,,,0.005007680000,  -1.26000,
,,,0.005007690000,  -1.24000,
,,,0.005007700000,  -1.26000,
,,,0.005007710000,  -1.26000,
,,,0.005007720000,  -1.26000,
,,,0.005007730000,  -1.24000,
,,,0.005007740000,  -1.24000,
,,,0.005007750000,  -1.24000,
,,,0.005007760000,  -1.24000,
,,,0.005007770000,  -1.24000,
,,,0.005007780000,  -1.24000,
,,,0.005007790000,  -1.24000,
,,,0.005007800000,  -1.26000,
,,,0.005007810000,  -1.26000,
,,,0.005007820000,  -1.24000,
,,,0.005007830000,  -1.22000,
,,,0.005007840000,  -1.26000,
,,,0.005007850000,  -1.22000,
,,,0.005007860000,  -1.22000,
,,,0.005007870000,  -1.24000,
,,,0.005007880000,  -1.24000,
,,,0.005007890000,  -1.26000,
,,,0.005007900000,  -1.22000,
,,,0.005007910000,  -1.22000,
,,,0.005007920000,  -1.22000,
,,,0.005007930000,  -1.24000,
,,,0.005007940000,  -1.26000,
,,,0.005007950000,  -1.24000,
,,,0.005007960000,  -1.22000,
,,,0.005007970000,  -1.24000,
,,,0.005007980000,  -1.24000,
,,,0.005007990000,  -1.24000,
,,,0.005008000000,  -1.22000,
,,,0.005008010000,  -1.24000,
,,,0.005008020000,  -1.28000,
,,,0.005008030000,  -1.24000,
,,,0.005008040000,  -1.24000,
,,,0.005008050000,  -1.26000,
,,,0.005008060000,  -1.24000,
,,,0.005008070000,  -1.24000,
,,,0.005008080000,  -1.24000,
,,,0.005008090000,  -1.22000,
,,,0.005008100000,  -1.28000,
,,,0.005008110000,  -1.24000,
,,,0.005008120000,  -1.24000,
,,,0.005008130000,  -1.26000,
,,,0.005008140000,  -1.24000,
,,,0.005008150000,  -1.26000,
,,,0.005008160000,  -1.24000,
,,,0.005008170000,  -1.22000,
,,,0.005008180000,  -1.24000,
,,,0.005008190000,  -1.26000,
,,,0.005008200000,  -1.22000,
,,,0.005008210000,  -1.26000,
,,,0.005008220000,  -1.26000,
,,,0.005008230000,  -1.24000,
,,,0.005008240000,  -1.24000,
,,,0.005008250000,  -1.26000,
,,,0.005008260000,  -1.22000,
,,,0.005008270000,  -1.24000,
,,,0.005008280000,  -1.24000,
,,,0.005008290000,  -1.24000,
,,,0.005008300000,  -1.26000,
,,,0.005008310000,  -1.24000,
,,,0.005008320000,  -1.24000,
,,,0.005008330000,  -1.24000,
,,,0.005008340000,  -1.24000,
,,,0.005008350000,  -1.24000,
,,,0.005008360000,  -1.24000,
,,,0.005008370000,  -1.24000,
,,,0.005008380000,  -1.24000,
,,,0.005008390000,  -1.26000,
,,,0.005008400000,  -1.24000,
,,,0.005008410000,  -1.24000,
,,,0.005008420000,  -1.24000,
,,,0.005008430000,  -1.24000,
,,,0.005008440000,  -1.24000,
,,,0.005008450000,  -1.24000,
,,,0.005008460000,  -1.24000,
,,,0.005008470000,  -1.22000,
,,,0.005008480000,  -1.22000,
,,,0.005008490000,  -1.24000,
,,,0.005008500000,  -1.26000,
,,,0.005008510000,  -1.24000,
,,,0.005008520000,  -1.26000,
,,,0.005008530000,  -1.24000,
,,,0.005008540000,  -1.26000,
,,,0.005008550000,  -1.26000,
,,,0.005008560000,  -1.26000,
,,,0.005008570000,  -1.28000,
,,,0.005008580000,  -1.24000,
,,,0.005008590000,  -1.24000,
,,,0.005008600000,  -1.24000,
,,,0.005008610000,  -1.26000,
,,,0.005008620000,  -1.22000,
,,,0.005008630000,  -1.26000,
,,,0.005008640000,  -1.26000,
,,,0.005008650000,  -1.26000,
,,,0.005008660000,  -1.26000,
,,,0.005008670000,  -1.24000,
,,,0.005008680000,  -1.24000,
,,,0.005008690000,  -1.24000,
,,,0.005008700000,  -1.26000,
,,,0.005008710000,  -1.24000,
,,,0.005008720000,  -1.26000,
,,,0.005008730000,  -1.24000,
,,,0.005008740000,  -1.24000,
,,,0.005008750000,  -1.24000,
,,,0.005008760000,  -1.26000,
,,,0.005008770000,  -1.26000,
,,,0.005008780000,  -1.24000,
,,,0.005008790000,  -1.24000,
,,,0.005008800000,  -1.26000,
,,,0.005008810000,  -1.26000,
,,,0.005008820000,  -1.22000,
,,,0.005008830000,  -1.28000,
,,,0.005008840000,  -1.24000,
,,,0.005008850000,  -1.24000,
,,,0.005008860000,  -1.24000,
,,,0.005008870000,  -1.26000,
,,,0.005008880000,  -1.26000,
,,,0.005008890000,  -1.26000,
,,,0.005008900000,  -1.24000,
,,,0.005008910000,  -1.28000,
,,,0.005008920000,  -1.26000,
,,,0.005008930000,  -1.24000,
,,,0.005008940000,  -1.26000,
,,,0.005008950000,  -1.22000,
,,,0.005008960000,  -1.24000,
,,,0.005008970000,  -1.24000,
,,,0.005008980000,  -1.24000,
,,,0.005008990000,  -1.26000,
,,,0.005009000000,  -1.24000,
,,,0.005009010000,  -1.26000,
,,,0.005009020000,  -1.24000,
,,,0.005009030000,  -1.22000,
,,,0.005009040000,  -1.24000,
,,,0.005009050000,  -1.24000,
,,,0.005009060000,  -1.26000,
,,,0.005009070000,  -1.26000,
,,,0.005009080000,  -1.26000,
,,,0.005009090000,  -1.28000,
,,,0.005009100000,  -1.24000,
,,,0.005009110000,  -1.24000,
,,,0.005009120000,  -1.28000,
,,,0.005009130000,  -1.24000,
,,,0.005009140000,  -1.26000,
,,,0.005009150000,  -1.24000,
,,,0.005009160000,  -1.24000,
,,,0.005009170000,  -1.26000,
,,,0.005009180000,  -1.24000,
,,,0.005009190000,  -1.22000,
,,,0.005009200000,  -1.22000,
,,,0.005009210000,  -1.26000,
,,,0.005009220000,  -1.24000,
,,,0.005009230000,  -1.24000,
,,,0.005009240000,  -1.24000,
,,,0.005009250000,  -1.24000,
,,,0.005009260000,  -1.24000,
,,,0.005009270000,  -1.24000,
,,,0.005009280000,  -1.26000,
,,,0.005009290000,  -1.24000,
,,,0.005009300000,  -1.24000,
,,,0.005009310000,  -1.24000,
,,,0.005009320000,  -1.24000,
,,,0.005009330000,  -1.26000,
,,,0.005009340000,  -1.24000,
,,,0.005009350000,  -1.24000,
,,,0.005009360000,  -1.22000,
,,,0.005009370000,  -1.24000,
,,,0.005009380000,  -1.26000,
,,,0.005009390000,  -1.26000,
,,,0.005009400000,  -1.24000,
,,,0.005009410000,  -1.26000,
,,,0.005009420000,  -1.22000,
,,,0.005009430000,  -1.24000,
,,,0.005009440000,  -1.26000,
,,,0.005009450000,  -1.24000,
,,,0.005009460000,  -1.24000,
,,,0.005009470000,  -1.22000,
,,,0.005009480000,  -1.24000,
,,,0.005009490000,  -1.26000,
,,,0.005009500000,  -1.26000,
,,,0.005009510000,  -1.24000,
,,,0.005009520000,  -1.24000,
,,,0.005009530000,  -1.26000,
,,,0.005009540000,  -1.28000,
,,,0.005009550000,  -1.24000,
,,,0.005009560000,  -1.24000,
,,,0.005009570000,  -1.24000,
,,,0.005009580000,  -1.24000,
,,,0.005009590000,  -1.24000,
,,,0.005009600000,  -1.26000,
,,,0.005009610000,  -1.20000,
,,,0.005009620000,  -1.24000,
,,,0.005009630000,  -1.24000,
,,,0.005009640000,  -1.24000,
,,,0.005009650000,  -1.26000,
,,,0.005009660000,  -1.24000,
,,,0.005009670000,  -1.24000,
,,,0.005009680000,  -1.26000,
,,,0.005009690000,  -1.28000,
,,,0.005009700000,  -1.26000,
,,,0.005009710000,  -1.26000,
,,,0.005009720000,  -1.26000,
,,,0.005009730000,  -1.26000,
,,,0.005009740000,  -1.22000,
,,,0.005009750000,  -1.22000,
,,,0.005009760000,  -1.24000,
,,,0.005009770000,  -1.24000,
,,,0.005009780000,  -1.24000,
,,,0.005009790000,  -1.22000,
,,,0.005009800000,  -1.24000,
,,,0.005009810000,  -1.24000,
,,,0.005009820000,  -1.26000,
,,,0.005009830000,  -1.26000,
,,,0.005009840000,  -1.24000,
,,,0.005009850000,  -1.24000,
,,,0.005009860000,  -1.24000,
,,,0.005009870000,  -1.24000,
,,,0.005009880000,  -1.26000,
,,,0.005009890000,  -1.24000,
,,,0.005009900000,  -1.26000,
,,,0.005009910000,  -1.24000,
,,,0.005009920000,  -1.26000,
,,,0.005009930000,  -1.24000,
,,,0.005009940000,  -1.24000,
,,,0.005009950000,  -1.20000,
,,,0.005009960000,  -1.22000,
,,,0.005009970000,  -1.24000,
,,,0.005009980000,  -1.22000,
,,,0.005009990000,  -1.26000,
,,,0.005010000000,  -1.26000,
,,,0.005010010000,  -1.26000,
,,,0.005010020000,  -1.22000,
,,,0.005010030000,  -1.26000,
,,,0.005010040000,  -1.26000,
,,,0.005010050000,  -1.24000,
,,,0.005010060000,  -1.26000,
,,,0.005010070000,  -1.26000,
,,,0.005010080000,  -1.24000,
,,,0.005010090000,  -1.24000,
,,,0.005010100000,  -1.26000,
,,,0.005010110000,  -1.26000,
,,,0.005010120000,  -1.22000,
,,,0.005010130000,  -1.26000,
,,,0.005010140000,  -1.26000,
,,,0.005010150000,  -1.26000,
,,,0.005010160000,  -1.26000,
,,,0.005010170000,  -1.26000,
,,,0.005010180000,  -1.24000,
,,,0.005010190000,  -1.26000,
,,,0.005010200000,  -1.24000,
,,,0.005010210000,  -1.24000,
,,,0.005010220000,  -1.22000,
,,,0.005010230000,  -1.24000,
,,,0.005010240000,  -1.24000,
,,,0.005010250000,  -1.22000,
,,,0.005010260000,  -1.24000,
,,,0.005010270000,  -1.26000,
,,,0.005010280000,  -1.26000,
,,,0.005010290000,  -1.24000,
,,,0.005010300000,  -1.22000,
,,,0.005010310000,  -1.26000,
,,,0.005010320000,  -1.24000,
,,,0.005010330000,  -1.24000,
,,,0.005010340000,  -1.22000,
,,,0.005010350000,  -1.24000,
,,,0.005010360000,  -1.26000,
,,,0.005010370000,  -1.24000,
,,,0.005010380000,  -1.26000,
,,,0.005010390000,  -1.26000,
,,,0.005010400000,  -1.24000,
,,,0.005010410000,  -1.24000,
,,,0.005010420000,  -1.24000,
,,,0.005010430000,  -1.26000,
,,,0.005010440000,  -1.24000,
,,,0.005010450000,  -1.26000,
,,,0.005010460000,  -1.24000,
,,,0.005010470000,  -1.24000,
,,,0.005010480000,  -1.26000,
,,,0.005010490000,  -1.22000,
,,,0.005010500000,  -1.22000,
,,,0.005010510000,  -1.24000,
,,,0.005010520000,  -1.24000,
,,,0.005010530000,  -1.24000,
,,,0.005010540000,  -1.26000,
,,,0.005010550000,  -1.26000,
,,,0.005010560000,  -1.26000,
,,,0.005010570000,  -1.24000,
,,,0.005010580000,  -1.24000,
,,,0.005010590000,  -1.26000,
,,,0.005010600000,  -1.24000,
,,,0.005010610000,  -1.26000,
,,,0.005010620000,  -1.24000,
,,,0.005010630000,  -1.24000,
,,,0.005010640000,  -1.28000,
,,,0.005010650000,  -1.26000,
,,,0.005010660000,  -1.24000,
,,,0.005010670000,  -1.26000,
,,,0.005010680000,  -1.24000,
,,,0.005010690000,  -1.26000,
,,,0.005010700000,  -1.26000,
,,,0.005010710000,  -1.24000,
,,,0.005010720000,  -1.26000,
,,,0.005010730000,  -1.24000,
,,,0.005010740000,  -1.26000,
,,,0.005010750000,  -1.24000,
,,,0.005010760000,  -1.26000,
,,,0.005010770000,  -1.24000,
,,,0.005010780000,  -1.24000,
,,,0.005010790000,  -1.24000,
,,,0.005010800000,  -1.24000,
,,,0.005010810000,  -1.26000,
,,,0.005010820000,  -1.26000,
,,,0.005010830000,  -1.24000,
,,,0.005010840000,  -1.24000,
,,,0.005010850000,  -1.26000,
,,,0.005010860000,  -1.26000,
,,,0.005010870000,  -1.24000,
,,,0.005010880000,  -1.24000,
,,,0.005010890000,  -1.24000,
,,,0.005010900000,  -1.26000,
,,,0.005010910000,  -1.24000,
,,,0.005010920000,  -1.24000,
,,,0.005010930000,  -1.22000,
,,,0.005010940000,  -1.24000,
,,,0.005010950000,  -1.24000,
,,,0.005010960000,  -1.26000,
,,,0.005010970000,  -1.26000,
,,,0.005010980000,  -1.26000,
,,,0.005010990000,  -1.28000,
,,,0.005011000000,  -1.22000,
,,,0.005011010000,  -1.24000,
,,,0.005011020000,  -1.26000,
,,,0.005011030000,  -1.24000,
,,,0.005011040000,  -1.26000,
,,,0.005011050000,  -1.26000,
,,,0.005011060000,  -1.24000,
,,,0.005011070000,  -1.26000,
,,,0.005011080000,  -1.26000,
,,,0.005011090000,  -1.26000,
,,,0.005011100000,  -1.24000,
,,,0.005011110000,  -1.26000,
,,,0.005011120000,  -1.26000,
,,,0.005011130000,  -1.26000,
,,,0.005011140000,  -1.24000,
,,,0.005011150000,  -1.26000,
,,,0.005011160000,  -1.26000,
,,,0.005011170000,  -1.26000,
,,,0.005011180000,  -1.26000,
,,,0.005011190000,  -1.24000,
,,,0.005011200000,  -1.24000,
,,,0.005011210000,  -1.24000,
,,,0.005011220000,  -1.24000,
,,,0.005011230000,  -1.26000,
,,,0.005011240000,  -1.24000,
,,,0.005011250000,  -1.26000,
,,,0.005011260000,  -1.26000,
,,,0.005011270000,  -1.24000,
,,,0.005011280000,  -1.24000,
,,,0.005011290000,  -1.22000,
,,,0.005011300000,  -1.24000,
,,,0.005011310000,  -1.26000,
,,,0.005011320000,  -1.26000,
,,,0.005011330000,  -1.24000,
,,,0.005011340000,  -1.24000,
,,,0.005011350000,  -1.24000,
,,,0.005011360000,  -1.24000,
,,,0.005011370000,  -1.24000,
,,,0.005011380000,  -1.24000,
,,,0.005011390000,  -1.24000,
,,,0.005011400000,  -1.24000,
,,,0.005011410000,  -1.24000,
,,,0.005011420000,  -1.26000,
,,,0.005011430000,  -1.24000,
,,,0.005011440000,  -1.22000,
,,,0.005011450000,  -1.26000,
,,,0.005011460000,  -1.24000,
,,,0.005011470000,  -1.26000,
,,,0.005011480000,  -1.26000,
,,,0.005011490000,  -1.28000,
,,,0.005011500000,  -1.26000,
,,,0.005011510000,  -1.24000,
,,,0.005011520000,  -1.24000,
,,,0.005011530000,  -1.26000,
,,,0.005011540000,  -1.24000,
,,,0.005011550000,  -1.24000,
,,,0.005011560000,  -1.24000,
,,,0.005011570000,  -1.26000,
,,,0.005011580000,  -1.24000,
,,,0.005011590000,  -1.24000,
,,,0.005011600000,  -1.24000,
,,,0.005011610000,  -1.24000,
,,,0.005011620000,  -1.26000,
,,,0.005011630000,  -1.22000,
,,,0.005011640000,  -1.28000,
,,,0.005011650000,  -1.26000,
,,,0.005011660000,  -1.24000,
,,,0.005011670000,  -1.28000,
,,,0.005011680000,  -1.26000,
,,,0.005011690000,  -1.26000,
,,,0.005011700000,  -1.24000,
,,,0.005011710000,  -1.24000,
,,,0.005011720000,  -1.26000,
,,,0.005011730000,  -1.24000,
,,,0.005011740000,  -1.24000,
,,,0.005011750000,  -1.26000,
,,,0.005011760000,  -1.26000,
,,,0.005011770000,  -1.26000,
,,,0.005011780000,  -1.24000,
,,,0.005011790000,  -1.24000,
,,,0.005011800000,  -1.24000,
,,,0.005011810000,  -1.24000,
,,,0.005011820000,  -1.24000,
,,,0.005011830000,  -1.24000,
,,,0.005011840000,  -1.22000,
,,,0.005011850000,  -1.24000,
,,,0.005011860000,  -1.24000,
,,,0.005011870000,  -1.24000,
,,,0.005011880000,  -1.22000,
,,,0.005011890000,  -1.26000,
,,,0.005011900000,  -1.26000,
,,,0.005011910000,  -1.24000,
,,,0.005011920000,  -1.22000,
,,,0.005011930000,  -1.22000,
,,,0.005011940000,  -1.26000,
,,,0.005011950000,  -1.26000,
,,,0.005011960000,  -1.24000,
,,,0.005011970000,  -1.24000,
,,,0.005011980000,  -1.26000,
,,,0.005011990000,  -1.24000,
,,,0.005012000000,  -1.24000,
,,,0.005012010000,  -1.26000,
,,,0.005012020000,  -1.26000,
,,,0.005012030000,  -1.26000,
,,,0.005012040000,  -1.24000,
,,,0.005012050000,  -1.26000,
,,,0.005012060000,  -1.26000,
,,,0.005012070000,  -1.26000,
,,,0.005012080000,  -1.28000,
,,,0.005012090000,  -1.26000,
,,,0.005012100000,  -1.24000,
,,,0.005012110000,  -1.26000,
,,,0.005012120000,  -1.24000,
,,,0.005012130000,  -1.24000,
,,,0.005012140000,  -1.26000,
,,,0.005012150000,  -1.26000,
,,,0.005012160000,  -1.24000,
,,,0.005012170000,  -1.24000,
,,,0.005012180000,  -1.26000,
,,,0.005012190000,  -1.24000,
,,,0.005012200000,  -1.26000,
,,,0.005012210000,  -1.26000,
,,,0.005012220000,  -1.26000,
,,,0.005012230000,  -1.24000,
,,,0.005012240000,  -1.26000,
,,,0.005012250000,  -1.22000,
,,,0.005012260000,  -1.26000,
,,,0.005012270000,  -1.26000,
,,,0.005012280000,  -1.22000,
,,,0.005012290000,  -1.26000,
,,,0.005012300000,  -1.24000,
,,,0.005012310000,  -1.24000,
,,,0.005012320000,  -1.26000,
,,,0.005012330000,  -1.24000,
,,,0.005012340000,  -1.24000,
,,,0.005012350000,  -1.28000,
,,,0.005012360000,  -1.26000,
,,,0.005012370000,  -1.26000,
,,,0.005012380000,  -1.24000,
,,,0.005012390000,  -1.26000,
,,,0.005012400000,  -1.26000,
,,,0.005012410000,  -1.26000,
,,,0.005012420000,  -1.26000,
,,,0.005012430000,  -1.26000,
,,,0.005012440000,  -1.26000,
,,,0.005012450000,  -1.24000,
,,,0.005012460000,  -1.24000,
,,,0.005012470000,  -1.28000,
,,,0.005012480000,  -1.26000,
,,,0.005012490000,  -1.26000,
